time,dt,accel_x,accel_y,accel_z,union_g,gyro_x,gyro_y,gyro_z,pressure,temp,ag
1779.508253,0.01128,-0.08379,0.004788,-9.848916,-9.849274,0.00213,-0.00639,0.005325,99376.82,25.7,-0.020007
1779.519332,0.011079,-0.069426,0.009576,-9.836946,-9.837196,0.00213,-0.00639,0.001065,99376.82,25.7,-0.007929
1779.530538,0.011206,-0.062244,0.007182,-9.834552,-9.834752,0.00213,-0.007455,0.003195,99376.82,25.7,-0.005485
1779.541675,0.011138,-0.076608,-0.004788,-9.846522,-9.846821,0,-0.00426,0.001065,99376.82,25.7,-0.017554
1779.552865,0.011189,-0.081396,0.01197,-9.868068,-9.868411,0.00213,-0.007455,0.001065,99376.82,25.7,-0.039144
1779.56485,0.011986,-0.069426,0.01197,-9.865674,-9.865926,0.001065,-0.00426,0,99376.83,25.7,-0.036659
1779.575413,0.010563,-0.069426,0.002394,-9.85131,-9.851555,0,-0.00426,0.003195,99376.83,25.7,-0.022288
1779.586333,0.01092,-0.098154,0.009576,-9.846522,-9.847016,0.00213,-0.00426,0.001065,99376.83,25.7,-0.017749
1779.596477,0.010143,-0.10773,0.014364,-9.85131,-9.851909,0,-0.005325,0.00213,99376.83,25.7,-0.022642
1779.606544,0.010067,-0.086184,0.019152,-9.85131,-9.851706,0.00213,-0.003195,0.003195,99376.83,25.7,-0.022439
1779.61664,0.010097,-0.062244,0.026334,-9.901584,-9.901815,0.00213,-0.00639,0.001065,99376.83,25.7,-0.072548
1779.626761,0.010121,-0.081396,0.028728,-9.868068,-9.868446,0.003195,-0.003195,0.001065,99376.91,25.7,-0.039179
1779.636857,0.010096,-0.081396,0,-9.868068,-9.868404,0.001065,-0.005325,0.00213,99376.91,25.7,-0.039137
1779.646942,0.010085,-0.098154,0.033516,-9.889614,-9.890158,0.003195,-0.00426,0.001065,99376.91,25.7,-0.060891
1779.657036,0.010094,-0.079002,0,-9.894402,-9.894717,0.001065,-0.005325,0.001065,99376.91,25.7,-0.06545
1779.667131,0.010096,-0.067032,0.016758,-9.915948,-9.916189,0.00213,-0.00639,-0.001065,99376.91,25.7,-0.086922
1779.677227,0.010095,-0.100548,0.019152,-9.9351,-9.935627,0.001065,-0.005325,0.003195,99376.91,25.7,-0.10636
1779.687716,0.010489,-0.079002,0.014364,-9.97101,-9.971333,0.001065,-0.003195,0.005325,99376.91,25.7,-0.142066
1779.697802,0.010086,-0.081396,0.026334,-9.956646,-9.957014,0.001065,-0.005325,0.003195,99376.91,25.7,-0.127747
1779.70788,0.010078,-0.081396,0.004788,-9.985374,-9.985707,0,-0.003195,0.001065,99376.91,25.7,-0.15644
1779.718028,0.010147,-0.079002,0.002394,-9.997344,-9.997656,0,-0.005325,0.00426,99376.91,25.7,-0.168389
1779.728116,0.010088,-0.064638,-0.002394,-10.011708,-10.011917,0.00213,-0.005325,0.003195,99376.91,25.7,-0.18265
1779.738258,0.010142,-0.088578,0.007182,-10.014102,-10.014496,0.00213,-0.007455,0.00213,99376.91,25.7,-0.185229
1779.74834,0.010082,-0.057456,0.014364,-10.038042,-10.038217,0,-0.005325,0.00213,99376.91,25.7,-0.20895
1779.758535,0.010195,-0.07182,0.009576,-10.033254,-10.033516,0,-0.00426,0.001065,99376.83,25.7,-0.204249
1779.768695,0.01016,-0.090972,0.009576,-10.04283,-10.043247,0.00213,-0.00426,0.00213,99376.83,25.7,-0.21398
1779.778795,0.010099,-0.052668,0.009576,-10.069164,-10.069306,0.00213,-0.005325,0.00213,99376.83,25.7,-0.240039
1779.788897,0.010102,-0.07182,0.009576,-10.038042,-10.038303,0.001065,-0.00852,0.001065,99376.83,25.7,-0.209036
1779.79958,0.010683,-0.093366,0.009576,-10.097892,-10.098328,0.001065,-0.00426,0,99376.83,25.7,-0.269061
1779.809673,0.010092,-0.076608,-0.007182,-10.050012,-10.050307,0.00213,-0.007455,0.001065,99376.83,25.7,-0.22104
1779.819781,0.010109,-0.064638,-0.004788,-10.07874,-10.078948,0.003195,-0.00639,0.003195,99376.88,25.7,-0.249681
1779.829878,0.010097,-0.069426,0.002394,-10.071558,-10.071798,0.003195,-0.00639,0.001065,99376.88,25.7,-0.242531
1779.839996,0.010118,-0.064638,0.02394,-10.059588,-10.059824,0.001065,-0.00639,0.001065,99376.88,25.7,-0.230557
1779.850064,0.010068,-0.086184,-0.007182,-10.076346,-10.076717,0.00213,-0.00639,0.001065,99376.88,25.7,-0.24745
1779.860155,0.010091,-0.088578,0.009576,-10.069164,-10.069558,0.00213,-0.00852,-0.001065,99376.88,25.7,-0.240291
1779.870234,0.010079,-0.04788,0.014364,-10.059588,-10.059712,0.00213,-0.007455,0,99376.88,25.7,-0.230445
1779.880337,0.010103,-0.105336,0.01197,-10.081134,-10.081691,0.00426,-0.00639,0.003195,99376.85,25.7,-0.252424
1779.890424,0.010087,-0.067032,0.019152,-10.061982,-10.062224,0.001065,-0.00426,0.001065,99376.85,25.7,-0.232957
1779.900515,0.010091,-0.05985,0.026334,-10.06677,-10.066982,0,-0.005325,0.001065,99376.85,25.7,-0.237715
1779.910608,0.010093,-0.10773,0.009576,-10.073952,-10.074533,0,-0.00639,0.00426,99376.85,25.7,-0.245266
1779.92069,0.010082,-0.079002,-0.004788,-10.081134,-10.081445,0,-0.00639,0.00213,99376.85,25.7,-0.252178
1779.930781,0.010091,-0.088578,0.002394,-10.064376,-10.064766,0.003195,-0.005325,0.00213,99376.85,25.7,-0.235499
1779.940876,0.010094,-0.100548,0.002394,-10.06677,-10.067272,0.001065,-0.005325,0,99376.85,25.7,-0.238005
1779.951019,0.010143,-0.079002,-0.009576,-10.100286,-10.1006,0,-0.007455,0,99376.77,25.7,-0.271333
1779.961133,0.010115,-0.086184,0.009576,-10.081134,-10.081507,0,-0.003195,0.00213,99376.77,25.7,-0.25224
1779.971219,0.010086,-0.098154,-0.002394,-10.095498,-10.095975,0.00213,-0.007455,0.00213,99376.77,25.7,-0.266708
1779.981314,0.010095,-0.079002,0.007182,-10.119438,-10.119749,0.003195,-0.005325,0.00213,99376.77,25.7,-0.290482
1779.991508,0.010194,-0.093366,0.045486,-10.095498,-10.096032,0,-0.00639,0.00213,99376.77,25.7,-0.266765
1780.001615,0.010107,-0.110124,0.007182,-10.100286,-10.100889,0.00213,-0.00639,0.00213,99376.77,25.7,-0.271622
1780.011996,0.010381,-0.110124,0.045486,-10.112256,-10.112958,0.00213,-0.00426,0.00213,99376.77,25.7,-0.283691
1780.022245,0.010249,-0.076608,0.016758,-10.10268,-10.102984,0.00426,-0.00426,0.00213,99376.77,25.7,-0.273717
1780.032427,0.010182,-0.079002,0.01197,-10.119438,-10.119753,0.001065,-0.007455,0.003195,99376.77,25.7,-0.290486
1780.042514,0.010088,-0.09576,0.007182,-10.124226,-10.124681,0.00213,-0.00426,0.003195,99376.77,25.7,-0.295414
1780.052609,0.010094,-0.05985,0.009576,-10.121832,-10.122013,0.00426,-0.005325,0.00213,99376.77,25.7,-0.292746
1780.062716,0.010108,-0.08379,0.009576,-10.12662,-10.126971,0.00213,-0.00639,0.001065,99376.77,25.7,-0.297704
1780.072813,0.010097,-0.055062,0.016758,-10.133802,-10.133965,0.003195,-0.005325,0.00213,99376.75,25.7,-0.304698
1780.082978,0.010165,-0.07182,-0.01197,-10.143378,-10.143639,0.001065,-0.005325,0,99376.75,25.7,-0.314372
1780.093076,0.010099,-0.088578,0.004788,-10.167318,-10.167705,0.00213,-0.00639,0.00213,99376.75,25.7,-0.338438
1780.103214,0.010137,-0.076608,0.007182,-10.140984,-10.141276,0.00213,-0.005325,0.00213,99376.75,25.7,-0.312009
1780.113374,0.01016,-0.081396,-0.002394,-10.148166,-10.148493,-0.001065,-0.00426,0,99376.75,25.7,-0.319226
1780.123823,0.010449,-0.07182,0.028728,-10.1745,-10.174794,-0.00213,-0.00426,0.003195,99376.75,25.7,-0.345527
1780.134001,0.010179,-0.086184,0.007182,-10.179288,-10.179655,0.001065,-0.003195,0.003195,99376.69,25.7,-0.350388
1780.144082,0.010081,-0.069426,0.019152,-10.169712,-10.169967,0.00213,-0.00639,-0.001065,99376.69,25.7,-0.3407
1780.154559,0.010477,-0.10773,0.019152,-10.212804,-10.21339,0,-0.00639,0.001065,99376.69,25.7,-0.384123
1780.164644,0.010084,-0.050274,0.031122,-10.181682,-10.181854,0.003195,-0.007455,0.00213,99376.69,25.7,-0.352587
1780.174738,0.010094,-0.08379,0.02394,-10.172106,-10.172479,0.001065,-0.00426,0.003195,99376.69,25.7,-0.343212
1780.184983,0.010245,-0.07182,0.021546,-10.196046,-10.196322,0.00213,-0.00426,0,99376.69,25.7,-0.367055
1780.195079,0.010096,-0.088578,0.019152,-10.212804,-10.213206,0.00213,-0.00639,0.003195,99376.69,25.7,-0.383939
1780.20519,0.010112,-0.088578,-0.009576,-10.196046,-10.196435,0.00426,-0.00426,0.00213,99376.72,25.7,-0.367168
1780.215297,0.010106,-0.10773,0.033516,-10.231956,-10.232578,0,-0.00639,0.003195,99376.72,25.7,-0.403311
1780.225398,0.010101,-0.102942,-0.009576,-10.203228,-10.203752,0.00213,-0.00213,0.00213,99376.72,25.7,-0.374485
1780.235653,0.010255,-0.079002,-0.002394,-10.212804,-10.21311,0.001065,-0.005325,0,99376.72,25.7,-0.383843
1780.24575,0.010097,-0.09576,0.014364,-10.239138,-10.239596,0,-0.005325,0.003195,99376.72,25.7,-0.410329
1780.255884,0.010135,-0.079002,0.014364,-10.224774,-10.225089,0.001065,-0.005325,0.00213,99376.72,25.7,-0.395822
1780.266,0.010116,-0.081396,0.002394,-10.21041,-10.210735,0.001065,-0.005325,0.001065,99376.85,25.7,-0.381468
1780.276088,0.010087,-0.08379,0.021546,-10.260684,-10.261049,0,-0.003195,0.001065,99376.85,25.7,-0.431782
1780.286318,0.010231,-0.112518,0.026334,-10.23435,-10.235002,-0.001065,-0.007455,0.001065,99376.85,25.7,-0.405735
1780.296458,0.01014,-0.09576,0.007182,-10.241532,-10.241982,0.001065,-0.00639,0.001065,99376.85,25.7,-0.412715
1780.306547,0.010089,-0.090972,0.02394,-10.27026,-10.270691,0.00426,-0.007455,0.00213,99376.85,25.7,-0.441424
1780.316667,0.01012,-0.098154,-0.009576,-10.263078,-10.263552,0.003195,-0.00426,0.00426,99376.85,25.7,-0.434285
1780.326774,0.010108,-0.102942,-0.007182,-10.291806,-10.292323,0.003195,-0.00639,0.001065,99376.85,25.7,-0.463056
1780.336872,0.010098,-0.069426,0.021546,-10.301382,-10.301638,0,-0.00852,0.00213,99376.85,25.7,-0.472371
1780.346973,0.010101,-0.057456,0.01197,-10.296594,-10.296761,0.00213,-0.003195,0.003195,99376.85,25.7,-0.467494
1780.357134,0.010161,-0.088578,0.009576,-10.301382,-10.301767,0.001065,-0.003195,0.003195,99376.85,25.7,-0.4725
1780.367237,0.010103,-0.100548,0.016758,-10.325322,-10.325825,0.001065,-0.005325,0,99376.85,25.7,-0.496558
1780.377319,0.010082,-0.076608,0.019152,-10.325322,-10.325624,0.001065,-0.005325,0.003195,99376.85,25.7,-0.496357
1780.387522,0.010203,-0.086184,-0.028728,-10.31814,-10.31854,0.00213,-0.00426,0.001065,99376.85,25.7,-0.489273
1780.397619,0.010097,-0.081396,0.014364,-10.322928,-10.323259,0,-0.00426,0.00213,99376.8,25.7,-0.493992
1780.407705,0.010086,-0.043092,0,-10.31814,-10.31823,0.001065,-0.00639,0.001065,99376.8,25.7,-0.488963
1780.417802,0.010097,-0.067032,-0.004788,-10.33011,-10.330329,0.00213,-0.00426,0.003195,99376.8,25.7,-0.501062
1780.42789,0.010087,-0.114912,0.009576,-10.327716,-10.32836,0,-0.00852,0.00426,99376.8,25.7,-0.499093
1780.438083,0.010193,-0.079002,-0.002394,-10.327716,-10.328018,0.00426,-0.00426,0.003195,99376.8,25.7,-0.498751
1780.448473,0.01039,-0.08379,-0.002394,-10.34208,-10.34242,0,-0.00426,0.001065,99376.8,25.7,-0.513153
1780.458568,0.010096,-0.062244,0.016758,-10.344474,-10.344675,0.001065,-0.00639,0.001065,99376.69,25.7,-0.515408
1780.468649,0.010081,-0.07182,-0.007182,-10.349262,-10.349514,0.00213,-0.007455,0.003195,99376.69,25.7,-0.520247
1780.478732,0.010082,-0.05985,-0.007182,-10.334898,-10.335074,0.00213,-0.00639,0.00213,99376.69,25.7,-0.505807
1780.488831,0.010099,-0.062244,0.009576,-10.35405,-10.354242,0.00213,-0.00639,0.00426,99376.69,25.7,-0.524975
1780.498927,0.010097,-0.079002,-0.016758,-10.344474,-10.344789,0.00213,-0.005325,0.001065,99376.69,25.7,-0.515522
1780.509037,0.01011,-0.088578,0.02394,-10.320534,-10.320942,0.001065,-0.005325,0.003195,99376.69,25.7,-0.491675
1780.519138,0.010101,-0.090972,0.009576,-10.35405,-10.354454,0.00213,-0.00426,0.00213,99376.55,25.7,-0.525187
1780.529224,0.010086,-0.081396,0.016758,-10.334898,-10.335232,0.00213,-0.005325,0.00213,99376.55,25.7,-0.505965
1780.53931,0.010086,-0.102942,0.019152,-10.339686,-10.340216,0.003195,-0.005325,0,99376.55,25.7,-0.510949
1780.549482,0.010171,-0.069426,0.033516,-10.31814,-10.318428,0.001065,-0.00426,0.001065,99376.55,25.7,-0.489161
1780.559656,0.010174,-0.112518,0.016758,-10.337292,-10.337918,-0.001065,-0.005325,0.003195,99376.55,25.7,-0.508651
1780.570681,0.011025,-0.09576,0.031122,-10.356444,-10.356933,0.001065,-0.00639,0,99376.55,25.7,-0.527666
1780.581918,0.011237,-0.081396,0.007182,-10.339686,-10.340009,0.001065,-0.007455,0.001065,99376.37,25.7,-0.510742
1780.593193,0.011275,-0.069426,0.004788,-10.313352,-10.313587,0.001065,-0.005325,0.00213,99376.37,25.7,-0.48432
1780.604322,0.011129,-0.079002,0,-10.301382,-10.301685,0.001065,-0.005325,0.00213,99376.37,25.7,-0.472418
1780.615566,0.011245,-0.081396,-0.007182,-10.334898,-10.335221,0.003195,-0.00426,0.001065,99376.37,25.7,-0.505954
1780.626639,0.011073,-0.090972,0.019152,-10.339686,-10.340104,0.00426,-0.007455,0.00426,99376.37,25.7,-0.510837
1780.637992,0.011352,-0.062244,-0.007182,-10.325322,-10.325512,-0.001065,-0.00639,0.001065,99376.37,25.7,-0.496245
1780.649063,0.011071,-0.088578,0.019152,-10.301382,-10.301781,0.00213,-0.007455,0.003195,99376.26,25.7,-0.472514
1780.660287,0.011224,-0.110124,0.021546,-10.308564,-10.309175,0.00213,-0.00639,0.003195,99376.26,25.7,-0.479908
1780.671399,0.011113,-0.081396,0.019152,-10.308564,-10.308903,0.003195,-0.00639,0.001065,99376.26,25.7,-0.479636
1780.682529,0.01113,-0.07182,0,-10.332504,-10.332754,0.003195,-0.00426,0,99376.26,25.7,-0.503487
1780.693728,0.011199,-0.102942,-0.016758,-10.322928,-10.323455,0.003195,-0.00426,0.001065,99376.26,25.7,-0.494188
1780.704902,0.011174,-0.076608,0.02394,-10.313352,-10.313664,0.00213,-0.00426,0,99376.26,25.7,-0.484397
1780.716314,0.011411,-0.081396,-0.019152,-10.310958,-10.311297,0.00213,-0.00639,0.003195,99376.26,25.7,-0.48203
1780.727283,0.010969,-0.093366,-0.007182,-10.310958,-10.311383,0.003195,-0.00639,0,99376.26,25.7,-0.482116
1780.738509,0.011227,-0.141246,0.021546,-10.33011,-10.331098,0.005325,-0.00639,0.00426,99376.26,25.7,-0.501831
1780.749629,0.01112,-0.081396,0.021546,-10.313352,-10.313696,0,-0.00639,0.001065,99376.26,25.7,-0.484429
1780.760801,0.011172,-0.076608,0.014364,-10.303776,-10.304071,0,-0.005325,0.001065,99376.26,25.7,-0.474804
1780.772061,0.011259,-0.08379,0.01197,-10.320534,-10.320881,0.00213,-0.00639,0.00213,99376.26,25.7,-0.491614
1780.783207,0.011146,-0.08379,0.045486,-10.298988,-10.299429,0.001065,-0.00426,0.001065,99376.04,25.7,-0.470162
1780.794415,0.011209,-0.050274,0.026334,-10.30617,-10.306326,0.00213,-0.00213,0.00426,99376.04,25.7,-0.477059
1780.805573,0.011158,-0.08379,0.01197,-10.30617,-10.306518,0,-0.007455,0.003195,99376.04,25.7,-0.477251
1780.816864,0.011291,-0.093366,0.021546,-10.30617,-10.306615,0,-0.007455,0.003195,99376.04,25.7,-0.477348
1780.828123,0.011259,-0.090972,-0.004788,-10.325322,-10.325724,0.00213,-0.00426,-0.001065,99376.04,25.7,-0.496457
1780.839912,0.011789,-0.08379,0.002394,-10.315746,-10.316087,0,-0.009585,0.001065,99375.94,25.7,-0.48682
1780.850936,0.011024,-0.081396,0.009576,-10.310958,-10.311284,0.001065,-0.005325,0.00426,99375.94,25.7,-0.482017
1780.861695,0.010759,-0.102942,0.004788,-10.320534,-10.321048,0.003195,-0.005325,0.001065,99375.94,25.7,-0.491781
1780.872899,0.011204,-0.088578,0.01197,-10.339686,-10.340072,0.00213,-0.00639,0.005325,99375.94,25.7,-0.510805
1780.884067,0.011168,-0.062244,0.007182,-10.339686,-10.339876,0.001065,-0.00639,0.00213,99375.94,25.7,-0.510609
1780.895408,0.011342,-0.088578,-0.026334,-10.332504,-10.332917,0.001065,-0.00426,0.00213,99375.94,25.7,-0.50365
1780.90644,0.011031,-0.062244,0.002394,-10.30617,-10.306358,0.003195,-0.00852,0.003195,99375.7,25.7,-0.477091
1780.91781,0.01137,-0.10773,0.004788,-10.325322,-10.325885,0.00213,-0.003195,0,99375.7,25.7,-0.496618
1780.92861,0.0108,-0.112518,0.004788,-10.30617,-10.306785,0,-0.007455,0.003195,99375.7,25.7,-0.477518
1780.939879,0.011269,-0.079002,0.009576,-10.313352,-10.313659,0.00426,-0.005325,0.003195,99375.7,25.7,-0.484392
1780.951195,0.011315,-0.102942,0.007182,-10.334898,-10.335413,0,-0.00639,0.001065,99375.7,25.7,-0.506146
1780.962223,0.011029,-0.064638,0.007182,-10.344474,-10.344678,0.003195,-0.005325,0,99375.7,25.7,-0.515411
1780.97368,0.011457,-0.079002,0.014364,-10.313352,-10.313665,0.001065,-0.007455,0.001065,99375.69,25.7,-0.484398
1780.98457,0.01089,-0.112518,0.021546,-10.303776,-10.304413,0.001065,-0.005325,0.00426,99375.69,25.7,-0.475146
1780.996059,0.011488,-0.088578,-0.002394,-10.308564,-10.308945,0,-0.005325,0.00213,99375.69,25.7,-0.479678
1781.007175,0.011116,-0.09576,0.014364,-10.34208,-10.342533,0.00213,-0.00639,0.001065,99375.69,25.7,-0.513266
1781.01851,0.011335,-0.067032,-0.002394,-10.322928,-10.323146,0.001065,-0.00639,0.003195,99375.69,25.7,-0.493879
1781.029305,0.010795,-0.090972,0.050274,-10.337292,-10.337815,0.00426,-0.009585,0.003195,99375.69,25.7,-0.508548
1781.040476,0.011172,-0.086184,-0.004788,-10.351656,-10.352016,0.001065,-0.00639,0.001065,99375.69,25.7,-0.522749
1781.051706,0.01123,-0.117306,0.040698,-10.301382,-10.30213,0.003195,-0.005325,0.00213,99375.69,25.7,-0.472863
1781.062909,0.011202,-0.07182,0.002394,-10.320534,-10.320784,0.00426,-0.007455,0.00213,99375.69,25.7,-0.491517
1781.074086,0.011178,-0.090972,0.01197,-10.30617,-10.306578,-0.001065,-0.007455,0.001065,99375.69,25.7,-0.477311
1781.085173,0.011087,-0.10773,0.028728,-10.310958,-10.311561,0.003195,-0.005325,0.00213,99375.69,25.7,-0.482294
1781.096492,0.011319,-0.064638,0,-10.322928,-10.32313,0.00426,-0.005325,0.003195,99375.57,25.7,-0.493863
1781.107597,0.011105,-0.114912,-0.007182,-10.315746,-10.316389,0.001065,-0.005325,0.001065,99375.57,25.7,-0.487122
1781.118936,0.011338,-0.079002,0.004788,-10.332504,-10.332807,0.00213,-0.003195,0,99375.57,25.7,-0.50354
1781.129917,0.010981,-0.05985,-0.016758,-10.313352,-10.313539,0,-0.007455,0.003195,99375.57,25.7,-0.484272
1781.141096,0.011179,-0.081396,-0.019152,-10.320534,-10.320873,0.00213,-0.00426,0.001065,99375.57,25.7,-0.491606
1781.152514,0.011419,-0.079002,0.002394,-10.327716,-10.328018,0.00213,-0.005325,0.003195,99375.57,25.7,-0.498751
1781.16353,0.011016,-0.08379,0.014364,-10.320534,-10.320884,0.001065,-0.00426,0.00213,99375.29,25.7,-0.491617
1781.174764,0.011234,-0.09576,0.021546,-10.301382,-10.30185,0.001065,-0.005325,0.00213,99375.29,25.7,-0.472583
1781.185835,0.011071,-0.079002,0,-10.313352,-10.313655,0.001065,-0.00639,0.00426,99375.29,25.7,-0.484388
1781.197125,0.01129,-0.093366,0.033516,-10.339686,-10.340162,0.003195,-0.00426,0.00426,99375.29,25.7,-0.510895
1781.20846,0.011335,-0.055062,-0.019152,-10.332504,-10.332668,0.00213,-0.00426,0.00426,99375.29,25.7,-0.503401
1781.219457,0.010996,-0.076608,0.026334,-10.337292,-10.337609,0.001065,-0.00639,-0.001065,99375.29,25.7,-0.508342
1781.23036,0.010903,-0.09576,-0.01197,-10.320534,-10.320985,0.003195,-0.005325,0.00213,99375.03,25.7,-0.491718
1781.240487,0.010127,-0.098154,0.007182,-10.33011,-10.330579,0.001065,-0.00426,0.00213,99375.03,25.7,-0.501312
1781.25057,0.010083,-0.117306,0.014364,-10.310958,-10.311635,0.00426,-0.00426,0.00213,99375.03,25.7,-0.482368
1781.260687,0.010117,-0.08379,0.01197,-10.310958,-10.311305,0.00426,-0.00426,0.001065,99375.03,25.7,-0.482038
1781.270779,0.010092,-0.076608,0.009576,-10.327716,-10.328005,0.00213,-0.005325,0.00213,99375.03,25.7,-0.498738
1781.280889,0.010111,-0.102942,-0.014364,-10.327716,-10.328239,0.001065,-0.00639,0.00213,99375.03,25.7,-0.498972
1781.290986,0.010097,-0.079002,0.02394,-10.332504,-10.332834,0.001065,-0.00852,0.003195,99374.84,25.7,-0.503567
1781.301093,0.010107,-0.081396,-0.021546,-10.334898,-10.335241,0.001065,-0.00639,0.003195,99374.84,25.7,-0.505974
1781.311209,0.010116,-0.079002,0.004788,-10.33011,-10.330413,0.003195,-0.00639,0.00213,99374.84,25.7,-0.501146
1781.321322,0.010113,-0.055062,-0.002394,-10.334898,-10.335045,0.00426,-0.00426,0.001065,99374.84,25.7,-0.505778
1781.331818,0.010495,-0.086184,0.03591,-10.325322,-10.325744,0.00213,-0.00639,0.00426,99374.84,25.7,-0.496477
1781.341977,0.01016,-0.088578,0.014364,-10.322928,-10.323318,0.003195,-0.007455,0.001065,99374.84,25.7,-0.494051
1781.352104,0.010127,-0.086184,0.033516,-10.325322,-10.325736,0.003195,-0.005325,0.00213,99374.84,25.7,-0.496469
1781.362229,0.010125,-0.079002,-0.007182,-10.308564,-10.308869,0.00213,-0.00426,0.00213,99374.84,25.7,-0.479602
1781.372356,0.010127,-0.057456,0,-10.327716,-10.327876,0.00426,-0.00852,0.003195,99374.84,25.7,-0.498609
1781.382478,0.010122,-0.100548,0.026334,-10.320534,-10.321057,0.003195,-0.00639,0.00426,99374.84,25.7,-0.49179
1781.392632,0.010154,-0.07182,0.019152,-10.320534,-10.320802,0,-0.00426,0.00639,99374.84,25.7,-0.491535
1781.402747,0.010115,-0.088578,0.016758,-10.313352,-10.313746,0,-0.005325,0.00213,99374.84,25.7,-0.484479
1781.412834,0.010087,-0.062244,0.031122,-10.31814,-10.318375,0.00213,-0.007455,0.00426,99374.84,25.7,-0.489108
1781.422958,0.010124,-0.102942,0.014364,-10.303776,-10.3043,-0.001065,-0.007455,0.00213,99374.55,25.7,-0.475033
1781.433064,0.010106,-0.086184,0.02394,-10.327716,-10.328103,0.001065,-0.005325,0.00213,99374.55,25.7,-0.498836
1781.443602,0.010538,-0.117306,0.031122,-10.339686,-10.340398,0.00426,-0.00426,0,99374.55,25.7,-0.511131
1781.453724,0.010122,-0.076608,0.02394,-10.325322,-10.325634,0,-0.00639,0,99374.55,25.7,-0.496367
1781.46382,0.010096,-0.10773,0,-10.289412,-10.289976,0,-0.00639,0.003195,99374.55,25.7,-0.460709
1781.473944,0.010124,-0.088578,0.007182,-10.332504,-10.332886,0.001065,-0.00426,0.001065,99374.55,25.7,-0.503619
1781.484058,0.010114,-0.117306,-0.009576,-10.310958,-10.31163,0.003195,-0.007455,0.003195,99374.2,25.7,-0.482363
1781.49422,0.010162,-0.110124,0.02394,-10.334898,-10.335512,0.00213,-0.003195,0,99374.2,25.7,-0.506245
1781.504311,0.010091,-0.088578,-0.007182,-10.332504,-10.332886,0.003195,-0.00426,0.00213,99374.2,25.7,-0.503619
1781.514526,0.010214,-0.076608,0,-10.303776,-10.304061,0.00213,-0.00639,0.00213,99374.2,25.7,-0.474794
1781.524622,0.010096,-0.081396,-0.01197,-10.33011,-10.330438,0.003195,-0.00426,0.001065,99374.2,25.7,-0.501171
1781.534708,0.010086,-0.086184,0.009576,-10.33011,-10.330474,0.003195,-0.005325,0.00213,99374.2,25.7,-0.501207
1781.544802,0.010094,-0.079002,0.004788,-10.315746,-10.31605,-0.001065,-0.005325,0.001065,99374.2,25.7,-0.486783
1781.554917,0.010115,-0.098154,-0.019152,-10.356444,-10.356927,0.00213,-0.00426,0.00213,99373.8,25.7,-0.52766
1781.565033,0.010117,-0.076608,0.007182,-10.308564,-10.308851,-0.00213,-0.00852,0.005325,99373.8,25.7,-0.479584
1781.575109,0.010076,-0.074214,0.004788,-10.337292,-10.33756,0.00213,-0.00426,0.001065,99373.8,25.7,-0.508293
1781.585196,0.010087,-0.105336,-0.01197,-10.31814,-10.318685,0.00426,-0.00639,0.00426,99373.8,25.7,-0.489418
1781.595298,0.010103,-0.081396,0.016758,-10.332504,-10.332838,0,-0.00639,0.00213,99373.8,25.7,-0.503571
1781.60539,0.010091,-0.031122,-0.019152,-10.356444,-10.356508,0.00213,-0.00426,0.003195,99373.8,25.7,-0.527241
1781.615485,0.010096,-0.086184,0.016758,-10.327716,-10.328089,0.003195,-0.00639,0.00213,99373.44,25.7,-0.498822
1781.625584,0.010098,-0.079002,0.016758,-10.34208,-10.342395,0.001065,-0.005325,0,99373.44,25.7,-0.513128
1781.635713,0.010129,-0.086184,-0.021546,-10.322928,-10.32331,0.00213,-0.005325,0.001065,99373.44,25.7,-0.494043
1781.645815,0.010102,-0.110124,0.040698,-10.34208,-10.342746,0.00426,-0.007455,0.001065,99373.44,25.7,-0.513479
1781.656082,0.010267,-0.08379,0.021546,-10.327716,-10.328078,-0.001065,-0.00213,0,99373.44,25.7,-0.498811
1781.66621,0.010128,-0.122094,0.007182,-10.334898,-10.335622,0.00213,-0.00426,0.003195,99373.44,25.7,-0.506355
1781.676319,0.010109,-0.08379,0.009576,-10.325322,-10.325666,0.00213,-0.00426,0,99373.44,25.7,-0.496399
1781.686411,0.010092,-0.102942,0.026334,-10.33011,-10.330656,0.003195,-0.00852,0.00426,99373.44,25.7,-0.501389
1781.696503,0.010092,-0.052668,-0.004788,-10.325322,-10.325457,0.003195,-0.003195,0.001065,99373.44,25.7,-0.49619
1781.706607,0.010104,-0.124488,0.014364,-10.310958,-10.311719,-0.00213,-0.007455,0.001065,99373.44,25.7,-0.482452
1781.716718,0.010111,-0.074214,0.019152,-10.332504,-10.332788,0.00213,-0.00426,0.00213,99373.44,25.7,-0.503521
1781.726806,0.010088,-0.07182,0.019152,-10.289412,-10.28968,0.001065,-0.005325,0.003195,99373.44,25.7,-0.460413
1781.736911,0.010105,-0.076608,0.021546,-10.339686,-10.339992,0.005325,-0.00213,0.003195,99373.44,25.7,-0.510725
1781.747019,0.010108,-0.105336,0.026334,-10.327716,-10.328287,0.00213,-0.00639,0.00213,99373.09,25.7,-0.49902
1781.757128,0.010109,-0.05985,-0.026334,-10.35405,-10.354256,0,-0.00426,0,99373.09,25.7,-0.524989
1781.767295,0.010167,-0.086184,0.033516,-10.332504,-10.332918,0.001065,-0.005325,0.003195,99373.09,25.7,-0.503651
1781.777388,0.010093,-0.090972,0.007182,-10.339686,-10.340089,0.00213,-0.00639,0,99373.09,25.7,-0.510822
1781.787469,0.01008,-0.08379,-0.08379,-10.33011,-10.33079,0.001065,-0.005325,0.00213,99373.09,25.7,-0.501523
1781.797553,0.010085,-0.074214,0.028728,-10.310958,-10.311265,0.00213,-0.007455,0.003195,99373.09,25.7,-0.481998
1781.807638,0.010085,-0.079002,0.021546,-10.310958,-10.311283,0,-0.005325,0.00426,99372.56,25.7,-0.482016
1781.817725,0.010087,-0.04788,0.019152,-10.339686,-10.339815,0.00213,0,0.003195,99372.56,25.7,-0.510548
1781.827826,0.010101,-0.09576,-0.002394,-10.36602,-10.366463,0,-0.00852,0.003195,99372.56,25.7,-0.537196
1781.837926,0.0101,-0.067032,0.050274,-10.31814,-10.31848,0.001065,-0.005325,0.003195,99372.56,25.7,-0.489213
1781.848033,0.010107,-0.07182,-0.002394,-10.332504,-10.332754,0.001065,-0.00426,0.00213,99372.56,25.7,-0.503487
1781.858179,0.010146,-0.08379,0.033516,-10.33011,-10.330504,0.003195,-0.003195,0.00213,99372.56,25.7,-0.501237
1781.868672,0.010493,-0.088578,0.021546,-10.325322,-10.325724,0,-0.007455,0.00213,99372.18,25.7,-0.496457
1781.878774,0.010102,-0.028728,-0.04788,-10.325322,-10.325473,0.00213,-0.00426,0.001065,99372.18,25.7,-0.496206
1781.88894,0.010166,-0.114912,0.040698,-10.346868,-10.347586,0,-0.00852,0.00213,99372.18,25.7,-0.518319
1781.899024,0.010085,-0.069426,0.019152,-10.320534,-10.320785,0.001065,-0.00213,0.001065,99372.18,25.7,-0.491518
1781.909103,0.010079,-0.055062,-0.004788,-10.310958,-10.311106,-0.001065,-0.00639,0.001065,99372.18,25.7,-0.481839
1781.919224,0.010121,-0.081396,0.057456,-10.368414,-10.368893,0,-0.007455,0.001065,99372.18,25.7,-0.539626
1781.929336,0.010112,-0.07182,0.009576,-10.349262,-10.349516,0.003195,-0.005325,0.003195,99371.7,25.7,-0.520249
1781.939437,0.010101,-0.045486,0.004788,-10.33011,-10.330211,0.001065,-0.007455,0.00213,99371.7,25.7,-0.500944
1781.949561,0.010124,-0.081396,0.016758,-10.344474,-10.344808,0.003195,-0.00213,0.00213,99371.7,25.7,-0.515541
1781.959661,0.0101,-0.057456,0.016758,-10.30617,-10.306344,-0.001065,-0.00852,0.001065,99371.7,25.7,-0.477077
1781.969759,0.010098,-0.057456,0.002394,-10.301382,-10.301543,0.00426,-0.00426,0.001065,99371.7,25.7,-0.472276
1781.980004,0.010245,-0.1197,0.033516,-10.30617,-10.30692,0.001065,-0.00639,0.003195,99371.7,25.7,-0.477653
1781.991701,0.011697,-0.081396,-0.052668,-10.25829,-10.258748,0.00213,-0.005325,0.00426,99371.7,25.7,-0.429481
1782.002395,0.010694,-0.093366,-0.009576,-10.27026,-10.270689,0.00213,-0.00426,0.00213,99371.14,25.7,-0.441422
1782.013689,0.011294,-0.093366,-0.007182,-10.25829,-10.258717,0.00426,-0.00426,0.001065,99371.14,25.7,-0.42945
1782.024814,0.011126,-0.117306,-0.002394,-10.248714,-10.249386,0.00213,-0.003195,0.003195,99371.14,25.7,-0.420119
1782.035986,0.011172,-0.079002,0.01197,-10.236744,-10.237056,0,-0.007455,0.001065,99371.14,25.7,-0.407789
1782.047163,0.011177,-0.050274,-0.038304,-10.251108,-10.251303,0.001065,-0.00426,0.00213,99371.14,25.7,-0.422036
1782.058924,0.01176,-0.112518,0.019152,-10.24632,-10.246956,0.00213,-0.007455,0.00426,99371.14,25.7,-0.417689
1782.069435,0.010511,-0.052668,-0.01197,-10.22238,-10.222523,0.001065,-0.003195,0.003195,99371.14,25.7,-0.393256
1782.080601,0.011166,-0.098154,-0.004788,-10.205622,-10.206095,0,-0.007455,0.001065,99371.14,25.7,-0.376828
1782.091871,0.01127,-0.081396,0.01197,-10.236744,-10.237075,0.001065,-0.005325,0.003195,99371.14,25.7,-0.407808
1782.103026,0.011156,-0.086184,0.031122,-10.188864,-10.189276,0,-0.007455,0,99371.14,25.7,-0.360009
1782.114611,0.011584,-0.067032,0.01197,-10.18647,-10.186698,0.001065,-0.00852,0.00213,99371.14,25.7,-0.357431
1782.125878,0.011267,-0.102942,0.004788,-10.1745,-10.175022,0.001065,-0.003195,0.003195,99370.6,25.7,-0.345755
1782.137173,0.011295,-0.093366,0.031122,-10.196046,-10.196521,0,-0.005325,0.00213,99370.6,25.7,-0.367254
1782.148313,0.01114,-0.08379,0.069426,-10.152954,-10.153537,0.003195,-0.005325,0.00213,99370.6,25.7,-0.32427
1782.158404,0.010091,-0.055062,0.016758,-10.188864,-10.189027,0.00213,-0.00426,0.001065,99370.6,25.7,-0.35976
1782.170076,0.011673,-0.07182,0.002394,-10.169712,-10.169966,0.001065,-0.00639,0.00213,99370.6,25.7,-0.340699
1782.181407,0.011331,-0.090972,0.04788,-10.155348,-10.155868,0.001065,-0.007455,0.001065,99370.6,25.7,-0.326601
1782.192505,0.011098,-0.098154,-0.021546,-10.157742,-10.158239,0.00213,-0.00639,0.001065,99369.94,25.7,-0.328972
1782.203697,0.011192,-0.07182,0.031122,-10.140984,-10.141286,-0.001065,-0.007455,0.003195,99369.94,25.7,-0.312019
1782.214934,0.011238,-0.086184,0.002394,-10.148166,-10.148532,0.003195,-0.00852,0.001065,99369.94,25.7,-0.319265
1782.226,0.011066,-0.074214,0.043092,-10.184076,-10.184438,0.001065,-0.00639,0.003195,99369.94,25.7,-0.355171
1782.237209,0.011209,-0.088578,-0.021546,-10.119438,-10.119849,0.00426,-0.00639,0.001065,99369.94,25.7,-0.290582
1782.248409,0.0112,-0.08379,0.01197,-10.145772,-10.146125,0.00213,-0.00639,0.001065,99369.94,25.7,-0.316858
1782.259626,0.011217,-0.055062,-0.01197,-10.129014,-10.129171,0.00213,-0.00639,0.001065,99369.22,25.7,-0.299904
1782.27078,0.011153,-0.07182,0.016758,-10.107468,-10.107737,0.003195,-0.005325,0.00213,99369.22,25.7,-0.27847
1782.281952,0.011172,-0.07182,-0.043092,-10.11465,-10.114997,0.001065,-0.00426,-0.001065,99369.22,25.7,-0.28573
1782.293115,0.011163,-0.076608,0.026334,-10.105074,-10.105399,0.001065,-0.005325,0.00213,99369.22,25.7,-0.276132
1782.304295,0.01118,-0.064638,-0.01197,-10.10268,-10.102894,0.00213,-0.005325,0.00426,99369.22,25.7,-0.273627
1782.31575,0.011456,-0.074214,-0.009576,-10.09071,-10.090987,0,-0.005325,0,99368.54,25.7,-0.26172
1782.326694,0.010943,-0.067032,-0.019152,-10.064376,-10.064617,0.001065,-0.005325,0.003195,99368.54,25.7,-0.23535
1782.33787,0.011176,-0.079002,-0.009576,-10.088316,-10.08863,0.003195,-0.00639,0.00213,99368.54,25.7,-0.259363
1782.349041,0.011171,-0.090972,-0.009576,-10.085922,-10.086337,-0.001065,-0.005325,0.00426,99368.54,25.7,-0.25707
1782.360246,0.011205,-0.081396,-0.02394,-10.06677,-10.067128,0.001065,-0.00426,0.00213,99368.54,25.7,-0.237861
1782.37153,0.011285,-0.057456,-0.028728,-10.085922,-10.086127,0.00213,-0.00639,0,99368.54,25.7,-0.25686
1782.382656,0.011126,-0.10773,-0.009576,-10.07874,-10.07932,0.00213,-0.005325,0.00213,99368.54,25.7,-0.250053
1782.393832,0.011176,-0.069426,-0.014364,-10.064376,-10.064626,0.001065,-0.007455,0.00426,99368.54,25.7,-0.235359
1782.404965,0.011133,-0.093366,0.007182,-10.016496,-10.016934,0.00213,-0.00213,0.00426,99368.54,25.7,-0.187667
1782.416168,0.011203,-0.067032,0.014364,-10.069164,-10.069397,0.00213,-0.003195,0.001065,99368.54,25.7,-0.24013
1782.427577,0.011409,-0.102942,0.01197,-10.073952,-10.074485,0.001065,-0.005325,0.001065,99368.54,25.7,-0.245218
1782.438644,0.011067,-0.110124,0.031122,-10.04283,-10.043482,0.00213,-0.005325,0.003195,99368.54,25.7,-0.214215
1782.449695,0.011051,-0.08379,0.045486,-10.023678,-10.024131,0,-0.00426,0.001065,99367.9,25.7,-0.194864
1782.460872,0.011177,-0.088578,0.031122,-10.014102,-10.014542,0,-0.005325,0.00426,99367.9,25.7,-0.185275
1782.472091,0.011219,-0.090972,0.021546,-10.047618,-10.048053,0.00213,-0.007455,0.003195,99367.9,25.7,-0.218786
1782.483338,0.011247,-0.09576,0.040698,-10.011708,-10.012249,0.001065,-0.003195,0.001065,99367.9,25.7,-0.182982
1782.4946,0.011262,-0.069426,0.038304,-10.021284,-10.021598,0.003195,-0.005325,-0.001065,99367.9,25.7,-0.192331
1782.505617,0.011017,-0.126882,0.062244,-10.021284,-10.02228,0,-0.00639,0.003195,99367.05,25.7,-0.193013
1782.51684,0.011223,-0.076608,0.069426,-10.01889,-10.019423,0.00213,-0.005325,0,99367.05,25.7,-0.190156
1782.528016,0.011177,-0.090972,0.02394,-9.987768,-9.988211,0.001065,-0.00639,0.001065,99367.05,25.7,-0.158944
1782.539324,0.011308,-0.081396,0.02394,-10.033254,-10.033613,0.003195,-0.00639,0,99367.05,25.7,-0.204346
1782.550412,0.011087,-0.064638,0.033516,-9.97101,-9.971276,0.001065,-0.005325,-0.001065,99367.05,25.7,-0.142009
1782.561595,0.011183,-0.052668,-0.009576,-9.975798,-9.975942,0.00213,-0.00639,0.00213,99367.05,25.7,-0.146675
1782.572756,0.011161,-0.069426,0.016758,-10.004526,-10.004781,0.00213,-0.00639,0,99366.24,25.7,-0.175514
1782.58403,0.011274,-0.086184,-0.009576,-9.97101,-9.971387,-0.00213,-0.007455,0,99366.24,25.7,-0.14212
1782.595304,0.011274,-0.062244,-0.050274,-9.951858,-9.95218,0,-0.00426,0.001065,99366.24,25.7,-0.122913
1782.606368,0.011064,-0.045486,-0.004788,-9.968616,-9.968721,0.00213,-0.00639,0.00426,99366.24,25.7,-0.139454
1782.61751,0.011142,-0.028728,-0.055062,-9.956646,-9.95684,0.00213,-0.003195,0.00213,99366.24,25.7,-0.127573
1782.62873,0.01122,-0.067032,-0.021546,-9.98298,-9.983228,0.00213,-0.00426,0.00426,99366.24,25.7,-0.153961
1782.640073,0.011343,-0.064638,-0.045486,-9.918342,-9.918657,0,-0.005325,0.005325,99365.38,25.7,-0.08939
1782.651083,0.01101,-0.074214,-0.064638,-9.915948,-9.916436,0.00426,-0.005325,0.00426,99365.38,25.7,-0.087169
1782.662232,0.011149,-0.08379,-0.019152,-9.956646,-9.957017,-0.003195,-0.009585,0.003195,99365.38,25.7,-0.12775
1782.673396,0.011165,-0.088578,-0.02394,-9.91116,-9.911585,0.001065,-0.00426,0.00213,99365.38,25.7,-0.082318
1782.684606,0.01121,-0.062244,-0.028728,-9.951858,-9.952094,0.001065,-0.009585,0.00426,99365.38,25.7,-0.122827
1782.695982,0.011376,-0.10773,0.016758,-9.9351,-9.935698,0.001065,-0.00426,0.005325,99365.38,25.7,-0.106431
1782.706973,0.010991,-0.067032,-0.016758,-9.892008,-9.892249,0.001065,-0.003195,0.00213,99365.38,25.7,-0.062982
1782.718224,0.011251,-0.064638,0.026334,-9.92313,-9.923375,0.003195,-0.00639,0.00639,99365.38,25.7,-0.094108
1782.72933,0.011106,-0.081396,0.014364,-9.91116,-9.911505,0.00213,-0.003195,0.00213,99365.38,25.7,-0.082238
1782.740509,0.011179,-0.074214,0.016758,-9.860886,-9.86118,0.001065,-0.00639,0.003195,99365.38,25.7,-0.031913
1782.751765,0.011255,-0.098154,0.045486,-9.906372,-9.906963,0.001065,-0.005325,0.001065,99365.38,25.7,-0.077696
1782.762941,0.011176,-0.079002,0.043092,-9.87525,-9.87566,0.00213,-0.00426,0.001065,99364.61,25.7,-0.046393
1782.774194,0.011253,-0.086184,0.040698,-9.877644,-9.878104,0.00426,-0.005325,0.00213,99364.61,25.7,-0.048837
1782.785239,0.011045,-0.088578,0.079002,-9.83934,-9.840056,0.001065,-0.00852,0.001065,99364.61,25.7,-0.010789
1782.796508,0.011269,-0.1197,0.064638,-9.88722,-9.888156,0.001065,-0.00639,0,99364.61,25.7,-0.058889
1782.807879,0.011371,-0.052668,0.062244,-9.82737,-9.827708,0.003195,-0.003195,0,99364.61,25.7,0.001559
1782.818926,0.011047,-0.074214,0.050274,-9.820188,-9.820597,0,-0.00426,0,99364.61,25.7,0.00867
1782.830029,0.011103,-0.069426,0.03591,-9.832158,-9.832469,0.00213,-0.00639,0,99363.77,25.7,-0.003202
1782.841186,0.011157,-0.057456,0,-9.85131,-9.851478,0,-0.00426,0,99363.77,25.7,-0.022211
1782.852368,0.011182,-0.076608,0.004788,-9.834552,-9.834852,0.001065,-0.00639,-0.001065,99363.77,25.7,-0.005585
1782.863592,0.011224,-0.050274,-0.031122,-9.79146,-9.791639,0.003195,-0.005325,0.001065,99363.77,25.7,0.037628
1782.874852,0.01126,-0.09576,-0.021546,-9.834552,-9.835042,0.003195,-0.00852,0.001065,99363.77,25.7,-0.005775
1782.885891,0.011039,-0.03591,-0.014364,-9.796248,-9.796324,0.001065,-0.003195,0,99362.83,25.7,0.032943
1782.897138,0.011247,-0.098154,-0.050274,-9.846522,-9.84714,0.00213,-0.007455,0,99362.83,25.7,-0.017873
1782.908287,0.011149,-0.05985,-0.043092,-9.798642,-9.79892,0.00213,-0.00426,0.00213,99362.83,25.7,0.030347
1782.91948,0.011193,-0.081396,-0.033516,-9.798642,-9.799037,0,-0.005325,0.001065,99362.83,25.7,0.03023
1782.930663,0.011183,-0.062244,-0.05985,-9.813006,-9.813386,0.001065,-0.00426,0.00213,99362.83,25.7,0.015881
1782.941846,0.011183,-0.069426,-0.033516,-9.80343,-9.803733,0.001065,-0.00639,0.001065,99362.83,25.7,0.025534
1782.953069,0.011224,-0.081396,-0.045486,-9.76752,-9.767965,0.001065,-0.003195,0.003195,99362.06,25.7,0.061302
1782.964257,0.011188,-0.093366,0.021546,-9.813006,-9.813474,0.00213,-0.00852,0.003195,99362.06,25.7,0.015793
1782.975491,0.011233,-0.08379,-0.026334,-9.777096,-9.77749,0.00213,-0.005325,0.00426,99362.06,25.7,0.051777
1782.986613,0.011122,-0.102942,-0.009576,-9.745974,-9.746522,0,-0.00426,0.005325,99362.06,25.7,0.082745
1782.997805,0.011193,-0.102942,0.04788,-9.738792,-9.739454,0.00213,-0.005325,0.00213,99362.06,25.7,0.089813
1783.008998,0.011193,-0.122094,0.050274,-9.77949,-9.780381,0.001065,-0.007455,0.005325,99362.06,25.7,0.048886
1783.020357,0.011359,-0.050274,0.026334,-9.734004,-9.734169,0.001065,-0.003195,0.001065,99362.06,25.7,0.095098
1783.031344,0.010987,-0.074214,0.038304,-9.753156,-9.753514,0.00213,-0.005325,0.00213,99362.06,25.7,0.075753
1783.042519,0.011175,-0.086184,0.045486,-9.772308,-9.772794,0.00426,-0.005325,0.003195,99362.06,25.7,0.056473
1783.053684,0.011165,-0.074214,0.045486,-9.712458,-9.712848,0.001065,-0.00852,0.001065,99362.06,25.7,0.116419
1783.0649,0.011216,-0.055062,0.081396,-9.760338,-9.760833,0.00213,-0.00426,0,99362.06,25.7,0.068434
1783.076348,0.011448,-0.07182,0.040698,-9.738792,-9.739142,0.003195,-0.00639,0,99361.28,25.7,0.090125
1783.087247,0.0109,-0.081396,0.062244,-9.717246,-9.717786,0.001065,-0.00639,0,99361.28,25.7,0.111481
1783.098443,0.011195,-0.05985,0.04788,-9.71964,-9.719942,0,-0.003195,0,99361.28,25.7,0.109325
1783.10959,0.011148,-0.076608,0.031122,-9.722034,-9.722386,0.00213,-0.005325,0,99361.28,25.7,0.106881
1783.120773,0.011182,-0.074214,0.02394,-9.710064,-9.710377,0.001065,-0.00639,-0.001065,99361.28,25.7,0.11889
1783.132125,0.011352,-0.067032,0.050274,-9.712458,-9.712819,0.00213,-0.003195,-0.001065,99361.28,25.7,0.116448
1783.143345,0.01122,-0.064638,0.007182,-9.700488,-9.700706,-0.001065,-0.00426,-0.001065,99360.35,25.7,0.128561
1783.154436,0.011091,-0.050274,-0.031122,-9.710064,-9.710244,0.001065,-0.005325,0.001065,99360.35,25.7,0.119023
1783.165562,0.011126,-0.105336,0.007182,-9.688518,-9.689093,0.00426,-0.005325,0.00213,99360.35,25.7,0.140174
1783.176731,0.011168,-0.055062,-0.069426,-9.714852,-9.715256,0.001065,-0.003195,0.00213,99360.35,25.7,0.114011
1783.18796,0.011229,-0.10773,-0.038304,-9.669366,-9.670042,0,-0.007455,0.001065,99360.35,25.7,0.159225
1783.198095,0.010134,-0.07182,-0.019152,-9.686124,-9.686409,0.001065,-0.005325,0.00213,99360.35,25.7,0.142858
1783.208215,0.010121,-0.076608,-0.03591,-9.688518,-9.688887,0.003195,-0.00426,0.00213,99359.41,25.7,0.14038
1783.218317,0.010101,-0.086184,-0.067032,-9.65979,-9.660407,0.00213,-0.005325,0.00213,99359.41,25.7,0.16886
1783.228423,0.010107,-0.079002,-0.045486,-9.652608,-9.653038,0.003195,-0.005325,0.00213,99359.41,25.7,0.176229
1783.238512,0.010089,-0.086184,-0.057456,-9.645426,-9.645982,0.001065,-0.00426,0.00213,99359.41,25.7,0.183285
1783.248623,0.010111,-0.074214,-0.016758,-9.61191,-9.612211,-0.001065,-0.00426,0.003195,99359.41,25.7,0.217056
1783.258725,0.010102,-0.05985,-0.021546,-9.67176,-9.671969,0.001065,-0.005325,0.00213,99359.41,25.7,0.157298
1783.26883,0.010105,-0.079002,0,-9.62388,-9.624204,0.00213,-0.00639,0.00639,99358.42,25.7,0.205063
1783.278953,0.010123,-0.088578,0.02394,-9.640638,-9.641075,0.001065,-0.005325,0.003195,99358.42,25.7,0.188192
1783.289395,0.010442,-0.100548,0.040698,-9.614304,-9.614916,0.001065,-0.005325,0,99358.42,25.7,0.214351
1783.299516,0.010121,-0.074214,0.055062,-9.616698,-9.617142,0.003195,-0.005325,0.00213,99358.42,25.7,0.212125
1783.30961,0.010094,-0.079002,0.04788,-9.590364,-9.590809,0.00213,-0.005325,0.00213,99358.42,25.7,0.238458
1783.319698,0.010088,-0.105336,0.074214,-9.59994,-9.600805,0.00213,-0.00852,-0.001065,99358.42,25.7,0.228462
1783.329898,0.0102,-0.076608,0.074214,-9.59994,-9.600533,0.003195,-0.001065,0.003195,99358.42,25.7,0.228734
1783.340039,0.010141,-0.09576,0.028728,-9.63585,-9.636369,0.00213,-0.007455,-0.001065,99358.42,25.7,0.192898
1783.350232,0.010192,-0.067032,0.052668,-9.604728,-9.605106,0.00213,-0.005325,-0.001065,99358.42,25.7,0.224161
1783.360314,0.010083,-0.09576,0.069426,-9.607122,-9.60785,0.00213,-0.005325,-0.00213,99358.42,25.7,0.221417
1783.370403,0.010089,-0.076608,0.02394,-9.604728,-9.605063,0.00213,-0.005325,0.001065,99358.42,25.7,0.224204
1783.380496,0.010092,-0.090972,0.031122,-9.616698,-9.617179,0.001065,-0.00852,0.001065,99358.42,25.7,0.212088
1783.390815,0.01032,-0.040698,0.007182,-9.56403,-9.564119,0.001065,-0.003195,0.00213,99358.42,25.7,0.265148
1783.401443,0.010627,-0.086184,0.002394,-9.621486,-9.621872,0,-0.005325,-0.00213,99357.58,25.7,0.207395
1783.411533,0.01009,-0.076608,0.007182,-9.571212,-9.571521,0.001065,-0.005325,0,99357.58,25.7,0.257746
1783.421631,0.010098,-0.052668,-0.007182,-9.542484,-9.542632,0,-0.005325,0.00213,99357.58,25.7,0.286635
1783.431711,0.010081,-0.05985,-0.009576,-9.583182,-9.583374,0.001065,-0.003195,0.001065,99357.58,25.7,0.245893
1783.441795,0.010083,-0.067032,-0.040698,-9.559242,-9.559564,0.00213,-0.007455,0.00213,99357.58,25.7,0.269703
1783.451918,0.010124,-0.067032,-0.03591,-9.547272,-9.547575,0.001065,-0.007455,0.00213,99357.58,25.7,0.281692
1783.462081,0.010163,-0.043092,-0.009576,-9.499392,-9.499495,0.00213,-0.00426,0.00213,99356.48,25.7,0.329772
1783.472167,0.010085,-0.08379,-0.026334,-9.554454,-9.554858,-0.003195,-0.00639,0,99356.48,25.7,0.274409
1783.48225,0.010083,-0.033516,-0.040698,-9.518544,-9.51869,0.003195,-0.00639,0.003195,99356.48,25.7,0.310577
1783.492387,0.010138,-0.074214,-0.004788,-9.494604,-9.494895,0.00213,-0.00426,0.005325,99356.48,25.7,0.334372
1783.502473,0.010085,-0.076608,-0.03591,-9.496998,-9.497375,0.00213,-0.005325,0.00426,99356.48,25.7,0.331892
1783.512563,0.01009,-0.079002,-0.028728,-9.513756,-9.514127,0.005325,-0.00639,0.003195,99356.48,25.7,0.31514
1783.522736,0.010173,-0.052668,-0.002394,-9.499392,-9.499538,-0.001065,-0.003195,0.00213,99355.47,25.7,0.329729
1783.532826,0.01009,-0.057456,0.002394,-9.499392,-9.499566,0.001065,-0.00639,0.00213,99355.47,25.7,0.329701
1783.542909,0.010082,-0.08379,0.062244,-9.489816,-9.49039,0.003195,-0.00639,0.001065,99355.47,25.7,0.338877
1783.552994,0.010086,-0.079002,0.019152,-9.487422,-9.48777,0,-0.005325,0,99355.47,25.7,0.341497
1783.563093,0.010099,-0.102942,0.064638,-9.482634,-9.483413,0.003195,-0.00426,0.00213,99355.47,25.7,0.345854
1783.573174,0.010081,-0.076608,0.028728,-9.458694,-9.459048,0,-0.00639,0,99355.47,25.7,0.370219
1783.583262,0.010088,-0.112518,0.079002,-9.48024,-9.481237,0.00213,-0.00852,0,99354.35,25.7,0.34803
1783.593354,0.010092,-0.09576,0.079002,-9.446724,-9.44754,0.001065,-0.00426,0.001065,99354.35,25.7,0.381727
1783.603463,0.010109,-0.07182,0.028728,-9.44433,-9.444647,0.00213,-0.00639,0.001065,99354.35,25.7,0.38462
1783.613562,0.010098,-0.055062,0.02394,-9.46827,-9.46846,0.00213,-0.00639,0.001065,99354.35,25.7,0.360807
1783.624154,0.010593,-0.062244,0.090972,-9.465876,-9.466518,0.003195,-0.005325,0.001065,99354.35,25.7,0.362749
1783.635404,0.011249,-0.043092,0.031122,-9.49221,-9.492359,0.001065,-0.007455,0,99354.35,25.7,0.336908
1783.64656,0.011156,-0.081396,0.033516,-9.42039,-9.420801,0.003195,-0.00639,-0.001065,99354.35,25.7,0.408466
1783.657655,0.011095,-0.04788,0.040698,-9.446724,-9.446933,-0.001065,-0.00426,0,99354.35,25.7,0.382334
1783.668846,0.011191,-0.055062,0.002394,-9.458694,-9.458855,0.001065,-0.00639,0.00426,99354.35,25.7,0.370412
1783.680069,0.011222,-0.074214,0,-9.410814,-9.411107,0.003195,-0.005325,0,99354.35,25.7,0.41816
1783.691268,0.011199,-0.079002,-0.004788,-9.441936,-9.442268,0.001065,-0.00426,-0.00213,99354.35,25.7,0.386999
1783.702495,0.011226,-0.088578,-0.01197,-9.449118,-9.449541,0.003195,-0.00426,0.001065,99354.35,25.7,0.379726
1783.713608,0.011114,-0.050274,-0.002394,-9.40842,-9.408555,0.005325,-0.005325,0.00213,99353.33,25.7,0.420712
1783.724746,0.011137,-0.08379,-0.016758,-9.40842,-9.408808,0.00213,-0.00426,0.001065,99353.33,25.7,0.420459
1783.735994,0.011248,-0.098154,-0.009576,-9.410814,-9.411331,0.003195,-0.00639,0.00213,99353.33,25.7,0.417936
1783.747172,0.011178,-0.081396,0.004788,-9.406026,-9.406379,0.001065,-0.00426,0.003195,99353.33,25.7,0.422888
1783.758337,0.011165,-0.08379,-0.021546,-9.365328,-9.365728,0.003195,-0.00639,0.001065,99353.33,25.7,0.463539
1783.769582,0.011245,-0.086184,0.019152,-9.341388,-9.341805,0.003195,-0.003195,0.001065,99353.33,25.7,0.487462
1783.780686,0.011104,-0.081396,-0.007182,-9.37251,-9.372866,0.001065,-0.00213,0.00213,99352.15,25.7,0.456401
1783.791951,0.011265,-0.086184,-0.01197,-9.374904,-9.375308,0.00213,-0.00639,0.003195,99352.15,25.7,0.453959
1783.803056,0.011105,-0.067032,0.019152,-9.353358,-9.353618,-0.001065,-0.00426,0.00213,99352.15,25.7,0.475649
1783.814357,0.011301,-0.052668,0.021546,-9.331812,-9.331985,0,-0.00639,0.003195,99352.15,25.7,0.497282
1783.825415,0.011059,-0.076608,-0.014364,-9.338994,-9.339319,0.00213,-0.00426,0.003195,99352.15,25.7,0.489948
1783.836697,0.011281,-0.08379,0.02394,-9.358146,-9.358552,0.00213,-0.005325,0.003195,99351.31,25.7,0.470715
1783.847851,0.011155,-0.062244,0.004788,-9.343782,-9.343991,-0.001065,-0.003195,0.005325,99351.31,25.7,0.485276
1783.858999,0.011148,-0.081396,-0.002394,-9.319842,-9.320198,0,-0.005325,0,99351.31,25.7,0.509069
1783.870283,0.011284,-0.062244,0.01197,-9.355752,-9.355967,0,-0.005325,0.00213,99351.31,25.7,0.4733
1783.881402,0.011118,-0.07182,0.016758,-9.3366,-9.336891,0.001065,-0.00852,0.00213,99351.31,25.7,0.492376
1783.892514,0.011112,-0.050274,-0.01197,-9.317448,-9.317591,0.001065,-0.00639,0.001065,99351.31,25.7,0.511676
1783.903764,0.01125,-0.055062,0.002394,-9.322236,-9.322399,0,-0.005325,0,99350.32,25.7,0.506868
1783.91501,0.011246,-0.088578,0.040698,-9.293508,-9.294019,0.00213,-0.009585,0.003195,99350.32,25.7,0.535248
1783.926217,0.011206,-0.057456,0.009576,-9.322236,-9.322418,0.00213,-0.00426,0.001065,99350.32,25.7,0.506849
1783.937361,0.011144,-0.045486,0.031122,-9.30069,-9.300853,0.00426,-0.00639,0.00426,99350.32,25.7,0.528414
1783.94843,0.011069,-0.064638,0.021546,-9.303084,-9.303333,0.003195,-0.00213,0.00213,99350.32,25.7,0.525934
1783.959699,0.011269,-0.043092,0.050274,-9.305478,-9.305714,0.003195,-0.005325,0,99350.32,25.7,0.523553
1783.970848,0.011148,-0.081396,0.050274,-9.305478,-9.30597,0.001065,-0.00426,0.003195,99350.32,25.7,0.523297
1783.98211,0.011263,-0.081396,0.052668,-9.315054,-9.315559,0.00213,-0.005325,0.001065,99350.32,25.7,0.513708
1783.993241,0.01113,-0.081396,0.028728,-9.341388,-9.341787,0.003195,-0.005325,0.00426,99350.32,25.7,0.48748
1784.004355,0.011115,-0.05985,0.045486,-9.341388,-9.34169,0.00213,-0.003195,0.00213,99350.32,25.7,0.487577
1784.015613,0.011258,-0.081396,-0.002394,-9.334206,-9.334561,0.003195,-0.005325,0.00213,99350.32,25.7,0.494706
1784.026739,0.011126,-0.093366,0.040698,-9.322236,-9.322792,0.00426,-0.007455,0.00426,99349.33,25.7,0.506475
1784.037923,0.011184,-0.069426,0.01197,-9.303084,-9.303351,0,-0.005325,0.00213,99349.33,25.7,0.525916
1784.049185,0.011262,-0.093366,-0.01197,-9.3366,-9.337074,0.003195,-0.00639,0.001065,99349.33,25.7,0.492193
1784.060275,0.01109,-0.055062,0.009576,-9.343782,-9.343949,0.001065,-0.007455,0,99349.33,25.7,0.485318
1784.071498,0.011223,-0.090972,0.009576,-9.32463,-9.325079,0.001065,-0.007455,0.00213,99349.33,25.7,0.504188
1784.082695,0.011197,-0.038304,-0.033516,-9.346176,-9.346315,0.001065,-0.003195,0.001065,99349.33,25.7,0.482952
1784.093951,0.011256,-0.074214,0.002394,-9.31266,-9.312956,-0.001065,-0.005325,-0.001065,99348.39,25.7,0.516311
1784.105117,0.011165,-0.055062,-0.057456,-9.315054,-9.315394,0.00426,-0.00639,0.001065,99348.39,25.7,0.513873
1784.116325,0.011208,-0.067032,-0.028728,-9.315054,-9.315339,0.00213,-0.003195,0.001065,99348.39,25.7,0.513928
1784.127445,0.01112,-0.069426,-0.007182,-9.327024,-9.327285,0,-0.00426,0.00426,99348.39,25.7,0.501982
1784.138701,0.011256,-0.052668,-0.033516,-9.32463,-9.324839,0.003195,-0.00639,0.001065,99348.39,25.7,0.504428
1784.149821,0.01112,-0.08379,-0.031122,-9.350964,-9.351391,0.00213,-0.005325,0.00213,99348.39,25.7,0.477876
1784.161037,0.011216,-0.067032,0.014364,-9.329418,-9.32967,0.001065,-0.00426,0.001065,99347.37,25.7,0.499597
1784.17218,0.011143,-0.021546,-0.004788,-9.32463,-9.324656,0.00213,-0.00639,0.00213,99347.37,25.7,0.504611
1784.183437,0.011258,-0.062244,0.002394,-9.317448,-9.317656,0.00213,-0.005325,0.001065,99347.37,25.7,0.511611
1784.194685,0.011247,-0.086184,0.02394,-9.3366,-9.337028,0,-0.00639,0.001065,99347.37,25.7,0.492239
1784.205725,0.011041,-0.064638,-0.009576,-9.370116,-9.370344,0.00213,-0.00426,0.003195,99347.37,25.7,0.458923
1784.216988,0.011263,-0.04788,0.009576,-9.31266,-9.312788,0.00213,-0.005325,0.001065,99346.51,25.7,0.516479
1784.228077,0.011088,-0.04788,-0.007182,-9.343782,-9.343907,0.001065,-0.00426,0.001065,99346.51,25.7,0.48536
1784.239302,0.011225,-0.08379,0.064638,-9.32463,-9.32523,0,-0.009585,0.003195,99346.51,25.7,0.504037
1784.250581,0.011279,-0.045486,0.045486,-9.310266,-9.310488,0.003195,-0.00426,0.00213,99346.51,25.7,0.518779
1784.261713,0.011132,-0.07182,0.019152,-9.319842,-9.320138,0.00213,-0.005325,0.00213,99346.51,25.7,0.509129
1784.272996,0.011283,-0.067032,0.064638,-9.334206,-9.33467,0.00213,-0.00426,0.00213,99346.51,25.7,0.494597
1784.284025,0.011028,-0.05985,0.02394,-9.31266,-9.312883,0.001065,-0.003195,0.001065,99346.51,25.7,0.516384
1784.295335,0.011311,-0.067032,0.045486,-9.341388,-9.341739,0.001065,-0.005325,0.001065,99346.51,25.7,0.487528
1784.306402,0.011067,-0.043092,0.021546,-9.32463,-9.324754,0.003195,-0.003195,0.003195,99346.51,25.7,0.504513
1784.317562,0.011159,-0.117306,0.057456,-9.3366,-9.337514,0.00213,-0.00426,0.00213,99346.51,25.7,0.491753
1784.328789,0.011228,-0.076608,0.021546,-9.305478,-9.305818,0.00213,-0.00639,0.00213,99346.51,25.7,0.523449
1784.339948,0.011159,-0.057456,0.021546,-9.307872,-9.308074,0.003195,-0.00639,0.00213,99345.48,25.7,0.521193
1784.351127,0.011179,-0.052668,-0.026334,-9.331812,-9.331998,0.00426,-0.003195,0.003195,99345.48,25.7,0.497269
1784.362296,0.011169,-0.079002,0.040698,-9.331812,-9.332235,0,-0.00426,0.003195,99345.48,25.7,0.497032
1784.373549,0.011252,-0.055062,0,-9.331812,-9.331974,0,-0.003195,0.001065,99345.48,25.7,0.497293
1784.384647,0.011099,-0.074214,0,-9.315054,-9.31535,0.00213,-0.005325,0.00213,99345.48,25.7,0.513917
1784.395905,0.011257,-0.031122,0.009576,-9.317448,-9.317505,0.00213,-0.00426,0.001065,99345.48,25.7,0.511762
1784.40709,0.011185,-0.090972,-0.002394,-9.350964,-9.351407,-0.001065,-0.001065,0,99344.59,25.7,0.47786
1784.418288,0.011198,-0.081396,0.002394,-9.315054,-9.31541,0.003195,-0.005325,0.00213,99344.59,25.7,0.513857
1784.429372,0.011083,-0.09576,-0.002394,-9.322236,-9.322728,0.00213,-0.003195,0.001065,99344.59,25.7,0.506539
1784.440572,0.011201,-0.074214,-0.01197,-9.3366,-9.336903,0,-0.007455,0.00213,99344.59,25.7,0.492364
1784.4518,0.011228,-0.055062,0,-9.322236,-9.322399,0.00213,-0.00426,0.003195,99344.59,25.7,0.506868
1784.463029,0.011229,-0.074214,-0.028728,-9.322236,-9.322576,0.00213,-0.00426,0,99344.59,25.7,0.506691
1784.474243,0.011214,-0.093366,-0.009576,-9.346176,-9.346647,0.00213,-0.00426,0.001065,99343.67,25.7,0.48262
1784.485324,0.01108,-0.112518,0.038304,-9.315054,-9.315812,0,-0.007455,0,99343.67,25.7,0.513455
1784.496544,0.011221,-0.04788,-0.009576,-9.319842,-9.31997,0.001065,-0.00426,0.001065,99343.67,25.7,0.509297
1784.506639,0.010095,-0.062244,0.002394,-9.315054,-9.315262,0.001065,-0.00639,0.00213,99343.67,25.7,0.514005
1784.516759,0.01012,-0.076608,0.045486,-9.362934,-9.363358,0.003195,-0.00639,0.003195,99343.67,25.7,0.465909
1784.526864,0.010105,-0.069426,0.016758,-9.3366,-9.336873,0.001065,-0.003195,0,99343.67,25.7,0.492394
1784.536989,0.010125,-0.088578,0.021546,-9.338994,-9.339439,0.001065,-0.00852,0.001065,99342.88,25.7,0.489828
1784.547105,0.010116,-0.098154,0.03591,-9.338994,-9.339579,0.003195,-0.005325,0.003195,99342.88,25.7,0.489688
1784.557193,0.010089,-0.064638,-0.004788,-9.331812,-9.332037,0.001065,-0.00426,-0.001065,99342.88,25.7,0.49723
1784.56731,0.010117,-0.07182,0.038304,-9.3366,-9.336955,0.001065,-0.00426,0.001065,99342.88,25.7,0.492312
1784.577415,0.010105,-0.08379,0.04788,-9.3366,-9.337099,0.003195,-0.00426,0.001065,99342.88,25.7,0.492168
1784.587597,0.010182,-0.052668,0.033516,-9.310266,-9.310475,0.00213,-0.00426,0.00213,99342.88,25.7,0.518792
1784.597882,0.010285,-0.057456,0.009576,-9.315054,-9.315236,-0.001065,-0.007455,0.00213,99342.88,25.7,0.514031
1784.608049,0.010167,-0.062244,0.01197,-9.353358,-9.353573,0.00213,-0.00213,-0.001065,99342.88,25.7,0.475694
1784.61822,0.010172,-0.069426,0.016758,-9.317448,-9.317722,-0.001065,-0.005325,0.003195,99342.88,25.7,0.511545
1784.628305,0.010084,-0.05985,0.016758,-9.303084,-9.303292,0,-0.00426,0.001065,99342.88,25.7,0.525975
1784.638392,0.010087,-0.07182,-0.016758,-9.341388,-9.341679,0,-0.00639,0,99342.88,25.7,0.487588
1784.648484,0.010092,-0.055062,0.019152,-9.267174,-9.267357,0.00213,-0.005325,0.00213,99342.88,25.7,0.56191
1784.658578,0.010094,-0.064638,-0.026334,-9.307872,-9.308134,0.001065,-0.00426,-0.00213,99341.85,25.7,0.521133
1784.668676,0.010098,-0.076608,0.031122,-9.305478,-9.305845,0.001065,-0.00426,0,99341.85,25.7,0.523422
1784.678782,0.010107,-0.052668,-0.014364,-9.305478,-9.305638,0.001065,-0.00639,0.00213,99341.85,25.7,0.523629
1784.688881,0.010098,-0.067032,0,-9.307872,-9.308113,0.001065,-0.005325,0.00426,99341.85,25.7,0.521154
1784.698984,0.010103,-0.07182,0.009576,-9.283932,-9.284215,0.00213,-0.005325,0.003195,99341.85,25.7,0.545052
1784.709586,0.010602,-0.07182,-0.004788,-9.295902,-9.296181,0.00213,-0.007455,0.001065,99341.85,25.7,0.533086
1784.719685,0.0101,-0.062244,-0.002394,-9.303084,-9.303293,0.00213,-0.00426,0,99341,25.7,0.525974
1784.730305,0.01062,-0.081396,0.016758,-9.331812,-9.332182,0.00426,-0.00639,0.001065,99341,25.7,0.497085
1784.7404,0.010096,-0.076608,-0.007182,-9.307872,-9.30819,0.003195,-0.003195,0,99341,25.7,0.521077
1784.750488,0.010087,-0.079002,0.014364,-9.327024,-9.32737,0.003195,-0.005325,0.00426,99341,25.7,0.501897
1784.760573,0.010086,-0.069426,-0.004788,-9.355752,-9.356011,0.00213,-0.005325,0.003195,99341,25.7,0.473256
1784.770671,0.010098,-0.09576,0.007182,-9.327024,-9.327518,0.001065,-0.00639,0,99341,25.7,0.501749
1784.780764,0.010092,-0.08379,0.026334,-9.32463,-9.325044,0.00426,-0.007455,0.00213,99341,25.7,0.504223
1784.790865,0.010102,-0.07182,-0.004788,-9.305478,-9.305756,-0.001065,-0.00213,0.001065,99340.27,25.7,0.523511
1784.801138,0.010273,-0.086184,0.02394,-9.322236,-9.322665,0.003195,-0.00639,0.001065,99340.27,25.7,0.506602
1784.811243,0.010105,-0.045486,-0.014364,-9.307872,-9.307994,0.00213,-0.007455,0.003195,99340.27,25.7,0.521273
1784.821464,0.010221,-0.067032,0.033516,-9.315054,-9.315355,0.001065,-0.00426,0.001065,99340.27,25.7,0.513912
1784.831553,0.010088,-0.052668,0.002394,-9.317448,-9.317597,0.003195,-0.00426,0.001065,99340.27,25.7,0.51167
1784.841632,0.010079,-0.076608,0.026334,-9.298296,-9.298649,0.003195,-0.007455,0.001065,99340.27,25.7,0.530618
1784.851717,0.010085,-0.088578,0.03591,-9.310266,-9.310757,0.001065,-0.00426,0,99339.49,25.7,0.51851
1784.861832,0.010115,-0.050274,-0.002394,-9.315054,-9.31519,0.00213,-0.00426,0,99339.49,25.7,0.514077
1784.871932,0.0101,-0.100548,0.050274,-9.286326,-9.287006,0.003195,-0.00639,0.00213,99339.49,25.7,0.542261
1784.882022,0.01009,-0.067032,0.007182,-9.355752,-9.355995,0.003195,-0.005325,0.00426,99339.49,25.7,0.473272
1784.892124,0.010102,-0.038304,0.016758,-9.27675,-9.276844,0.00213,-0.007455,0.00213,99339.49,25.7,0.552423
1784.902255,0.010131,-0.04788,0.028728,-9.319842,-9.320009,0.00213,-0.00639,0.001065,99339.49,25.7,0.509258
1784.912362,0.010107,-0.043092,-0.004788,-9.31266,-9.312761,0.00213,-0.003195,0.001065,99339.49,25.7,0.516506
1784.922464,0.010102,-0.055062,-0.014364,-9.341388,-9.341561,0,-0.007455,0.003195,99339.49,25.7,0.487706
1784.932544,0.01008,-0.079002,0.038304,-9.271962,-9.272378,0.003195,-0.007455,0.003195,99339.49,25.7,0.556889
1784.942629,0.010085,-0.052668,0.009576,-9.30069,-9.300844,0.003195,-0.00426,0.001065,99339.49,25.7,0.528423
1784.952707,0.010078,-0.069426,0.004788,-9.310266,-9.310526,0.00213,-0.007455,0.00213,99339.49,25.7,0.518741
1784.962787,0.01008,-0.067032,0.03591,-9.334206,-9.334516,0.003195,-0.00639,0.00426,99339.49,25.7,0.494751
1784.972872,0.010085,-0.067032,0.014364,-9.3366,-9.336852,0.001065,-0.005325,-0.001065,99338.66,25.7,0.492415
1784.98297,0.010098,-0.07182,0.040698,-9.307872,-9.308238,0.003195,-0.005325,0.00213,99338.66,25.7,0.521029
1784.99305,0.01008,-0.057456,0.019152,-9.322236,-9.322433,0,-0.007455,0.005325,99338.66,25.7,0.506834
1785.003158,0.010108,-0.062244,0,-9.319842,-9.32005,0.001065,-0.007455,0.00213,99338.66,25.7,0.509217
1785.013301,0.010143,-0.102942,0.004788,-9.28872,-9.289292,0.003195,-0.005325,-0.001065,99338.66,25.7,0.539975
1785.023399,0.010098,-0.074214,0.019152,-9.343782,-9.344096,0.001065,-0.007455,0.00213,99338.66,25.7,0.485171
1785.033944,0.010545,-0.100548,-0.002394,-9.30069,-9.301234,0.001065,-0.005325,0.001065,99338.66,25.7,0.528033
1785.044574,0.01063,-0.098154,0.009576,-9.338994,-9.339515,0.001065,-0.007455,0.001065,99337.94,25.7,0.489752
1785.054911,0.010336,-0.040698,0.01197,-9.327024,-9.32712,0.003195,-0.00426,0.001065,99337.94,25.7,0.502147
1785.066921,0.01201,-0.076608,0.016758,-9.310266,-9.310596,0.003195,-0.009585,0.003195,99337.94,25.7,0.518671
1785.078115,0.011195,-0.081396,-0.009576,-9.291114,-9.291475,0.00213,-0.00213,-0.001065,99337.94,25.7,0.537792
1785.08937,0.011254,-0.102942,-0.002394,-9.31266,-9.313229,0.00213,-0.00639,0,99337.94,25.7,0.516038
1785.100508,0.011139,-0.069426,0.01197,-9.327024,-9.32729,0.003195,-0.00426,0.00426,99337.28,25.7,0.501977
1785.111702,0.011193,-0.064638,-0.01197,-9.310266,-9.310498,0.001065,-0.00213,-0.001065,99337.28,25.7,0.518769
1785.122847,0.011145,-0.050274,0,-9.303084,-9.30322,0.00213,-0.007455,0.003195,99337.28,25.7,0.526047
1785.134099,0.011252,-0.076608,0.009576,-9.319842,-9.320162,0.00213,-0.005325,0.00213,99337.28,25.7,0.509105
1785.145304,0.011205,-0.07182,-0.026334,-9.31266,-9.312974,0.003195,-0.00639,0.00213,99337.28,25.7,0.516293
1785.156461,0.011157,-0.057456,0.014364,-9.307872,-9.30806,0.001065,-0.00639,0.00213,99337.28,25.7,0.521207
1785.167651,0.01119,-0.062244,0.01197,-9.307872,-9.308088,0.001065,-0.00852,0.00213,99336.6,25.7,0.521179
1785.178816,0.011165,-0.081396,0.019152,-9.353358,-9.353732,0.003195,-0.003195,0.001065,99336.6,25.7,0.475535
1785.190007,0.011191,-0.076608,0.019152,-9.310266,-9.310601,0.00426,-0.005325,0.00213,99336.6,25.7,0.518666
1785.201154,0.011147,-0.067032,0.009576,-9.295902,-9.296149,0,-0.00426,-0.001065,99336.6,25.7,0.533118
1785.212296,0.011142,-0.086184,0.026334,-9.286326,-9.286763,0.00213,-0.005325,0.001065,99336.6,25.7,0.542504
1785.223618,0.011322,-0.062244,0.028728,-9.305478,-9.305731,0,-0.003195,0.001065,99336.6,25.7,0.523536
1785.234796,0.011178,-0.05985,0.014364,-9.329418,-9.329621,0.00213,-0.007455,0.001065,99336.6,25.7,0.499646
1785.245875,0.011078,-0.093366,0.019152,-9.315054,-9.315542,0.00213,-0.00639,0,99336.6,25.7,0.513725
1785.257095,0.01122,-0.093366,0.019152,-9.331812,-9.332299,-0.001065,-0.00639,0.00426,99336.6,25.7,0.496968
1785.268342,0.011247,-0.093366,0.050274,-9.310266,-9.31087,0.001065,-0.00426,0.00426,99336.6,25.7,0.518397
1785.279446,0.011103,-0.079002,0.01197,-9.310266,-9.310609,0.001065,-0.007455,0,99336.6,25.7,0.518658
1785.290639,0.011193,-0.07182,0.026334,-9.315054,-9.315368,0.001065,-0.00639,0,99335.99,25.7,0.513899
1785.30183,0.011191,-0.064638,0.004788,-9.315054,-9.315279,0,-0.00426,-0.001065,99335.99,25.7,0.513988
1785.312948,0.011118,-0.07182,-0.002394,-9.315054,-9.315331,0.003195,-0.00426,0.00213,99335.99,25.7,0.513936
1785.324174,0.011226,-0.079002,0,-9.295902,-9.296238,0.001065,-0.005325,0.00213,99335.99,25.7,0.533029
1785.335472,0.011299,-0.081396,-0.028728,-9.329418,-9.329817,0.00213,-0.005325,0,99335.99,25.7,0.49945
1785.346598,0.011126,-0.105336,0.004788,-9.319842,-9.320438,0.00213,-0.007455,0.00213,99335.99,25.7,0.508829
1785.357785,0.011187,-0.09576,0.007182,-9.319842,-9.320337,0,-0.00426,-0.001065,99335.39,25.7,0.50893
1785.368974,0.011189,-0.07182,-0.009576,-9.322236,-9.322518,0.00213,-0.00639,0.001065,99335.39,25.7,0.506749
1785.380117,0.011143,-0.045486,-0.014364,-9.329418,-9.32954,0,-0.005325,0.00213,99335.39,25.7,0.499727
1785.391295,0.011178,-0.08379,-0.002394,-9.32463,-9.325007,0.003195,-0.00639,0.001065,99335.39,25.7,0.50426
1785.402489,0.011193,-0.057456,-0.019152,-9.346176,-9.346372,0.00213,-0.005325,0.00213,99335.39,25.7,0.482895
1785.413785,0.011296,-0.069426,-0.028728,-9.338994,-9.339296,0,-0.00426,0.001065,99335.39,25.7,0.489971
1785.42484,0.011055,-0.062244,0.007182,-9.329418,-9.329628,0.003195,-0.00852,0.00213,99334.62,25.7,0.499639
1785.436236,0.011396,-0.081396,0.002394,-9.358146,-9.3585,0.003195,-0.00639,0.001065,99334.62,25.7,0.470767
1785.447207,0.010971,-0.064638,0.033516,-9.355752,-9.356035,0.00213,-0.00639,0,99334.62,25.7,0.473232
1785.458494,0.011287,-0.081396,0.009576,-9.353358,-9.353717,0.003195,-0.00426,0.00213,99334.62,25.7,0.47555
1785.469632,0.011138,-0.081396,0.050274,-9.379692,-9.38018,0.001065,-0.00639,0.003195,99334.62,25.7,0.449087
1785.480778,0.011145,-0.064638,0.016758,-9.370116,-9.370354,0.00213,-0.00639,0.001065,99334.08,25.7,0.458913
1785.492099,0.011321,-0.031122,0.033516,-9.39645,-9.396561,0,-0.007455,0.001065,99334.08,25.7,0.432706
1785.503119,0.011019,-0.05985,0.019152,-9.40842,-9.40863,0.003195,-0.00426,0.00213,99334.08,25.7,0.420637
1785.514381,0.011262,-0.074214,0.019152,-9.410814,-9.411126,0,-0.007455,0.003195,99334.08,25.7,0.418141
1785.526603,0.012222,-0.086184,0.016758,-9.391662,-9.392072,0.001065,-0.005325,0.005325,99334.08,25.7,0.437195
1785.537185,0.010582,-0.076608,0.007182,-9.439542,-9.439856,0.003195,-0.007455,0.003195,99334.08,25.7,0.389411
1785.547984,0.010798,-0.086184,0.038304,-9.44433,-9.444801,0.001065,-0.00426,-0.001065,99334.08,25.7,0.384466
1785.559073,0.011089,-0.07182,-0.009576,-9.461088,-9.461365,0.00213,-0.00213,-0.001065,99334.08,25.7,0.367902
1785.570292,0.011219,-0.05985,0.009576,-9.44433,-9.444524,0,-0.007455,0.00426,99334.08,25.7,0.384743
1785.581399,0.011107,-0.09576,-0.028728,-9.446724,-9.447253,0.001065,-0.00213,0,99334.08,25.7,0.382014
1785.592688,0.011289,-0.052668,-0.026334,-9.49221,-9.492393,0,-0.005325,0.00213,99334.08,25.7,0.336874
1785.603902,0.011214,-0.062244,0.009576,-9.482634,-9.482843,0.001065,-0.00639,0.001065,99334.08,25.7,0.346424
1785.615152,0.01125,-0.07182,0,-9.487422,-9.487694,0.003195,-0.005325,0.00213,99333.55,25.7,0.341573
1785.626205,0.011052,-0.076608,-0.031122,-9.489816,-9.490176,0.001065,-0.00639,0.00213,99333.55,25.7,0.339091
1785.637348,0.011144,-0.079002,0.019152,-9.494604,-9.494952,0.00213,-0.005325,0,99333.55,25.7,0.334315
1785.648587,0.011239,-0.062244,-0.007182,-9.506574,-9.50678,0.00213,-0.005325,0.00426,99333.55,25.7,0.322487
1785.659827,0.01124,-0.093366,0.009576,-9.487422,-9.487886,0,-0.009585,0.00213,99333.55,25.7,0.341381
1785.670956,0.011128,-0.088578,0.03591,-9.506574,-9.507054,0.001065,-0.00639,0.001065,99333.06,25.7,0.322213
1785.682101,0.011145,-0.057456,0.019152,-9.506574,-9.506767,0.00213,-0.005325,0.001065,99333.06,25.7,0.3225
1785.693256,0.011156,-0.105336,0.02394,-9.501786,-9.5024,0.003195,-0.005325,0.00213,99333.06,25.7,0.326867
1785.704437,0.01118,-0.055062,-0.004788,-9.535302,-9.535462,0.00213,-0.00213,0.001065,99333.06,25.7,0.293805
1785.715663,0.011226,-0.086184,0.04788,-9.542484,-9.542993,0.00213,-0.007455,0.001065,99333.06,25.7,0.286274
1785.726815,0.011152,-0.074214,0.004788,-9.54009,-9.54038,0.00213,-0.001065,0.001065,99333.06,25.7,0.288887
1785.738015,0.0112,-0.076608,0.033516,-9.549666,-9.550032,0.001065,-0.00852,0.001065,99332.62,25.7,0.279235
1785.749283,0.011268,-0.098154,0.040698,-9.52812,-9.528712,0,-0.003195,0.001065,99332.62,25.7,0.300555
1785.760408,0.011125,-0.086184,0.031122,-9.542484,-9.542924,0.00213,-0.003195,0.00213,99332.62,25.7,0.286343
1785.771581,0.011173,-0.062244,0.021546,-9.542484,-9.542711,0.001065,-0.00639,0.001065,99332.62,25.7,0.286556
1785.781661,0.01008,-0.088578,0.004788,-9.537696,-9.538109,0.001065,-0.005325,0.001065,99332.62,25.7,0.291158
1785.791786,0.010124,-0.064638,0.021546,-9.56403,-9.564273,0.001065,-0.005325,0,99332.62,25.7,0.264994
1785.801884,0.010098,-0.076608,-0.002394,-9.556848,-9.557155,0.001065,-0.00852,0.00213,99332.1,25.7,0.272112
1785.811974,0.01009,-0.067032,0,-9.549666,-9.549901,0,-0.00639,0.00213,99332.1,25.7,0.279366
1785.822108,0.010133,-0.081396,0.009576,-9.55206,-9.552412,-0.001065,-0.00426,0.00213,99332.1,25.7,0.276855
1785.83222,0.010112,-0.045486,-0.002394,-9.554454,-9.554563,0,-0.00639,0.00213,99332.1,25.7,0.274704
1785.842337,0.010117,-0.086184,0.028728,-9.518544,-9.518978,0.001065,-0.005325,0.001065,99332.1,25.7,0.310289
1785.852462,0.010125,-0.086184,0.009576,-9.578394,-9.578787,0.001065,-0.00639,0.001065,99332.1,25.7,0.25048
1785.862762,0.010299,-0.069426,-0.016758,-9.614304,-9.614569,0,-0.005325,0.00213,99332.1,25.7,0.214698
1785.87304,0.010279,-0.055062,0.004788,-9.583182,-9.583341,-0.001065,-0.007455,0.003195,99332.1,25.7,0.245926
1785.883135,0.010095,-0.040698,-0.004788,-9.614304,-9.614391,0,-0.00426,0.001065,99332.1,25.7,0.214876
1785.893229,0.010093,-0.052668,-0.019152,-9.616698,-9.616861,0,-0.005325,0.00213,99332.1,25.7,0.212406
1785.903324,0.010096,-0.055062,0,-9.61191,-9.612068,0,-0.005325,0.00213,99332.1,25.7,0.217199
1785.913423,0.010098,-0.052668,0.004788,-9.597546,-9.597692,0.003195,-0.001065,0.00213,99332.1,25.7,0.231575
1785.923523,0.010101,-0.069426,-0.007182,-9.61191,-9.612163,0,-0.00426,0.00426,99331.59,25.7,0.217104
1785.933613,0.010089,-0.112518,0.031122,-9.631062,-9.63177,0,-0.00639,0.003195,99331.59,25.7,0.197497
1785.943708,0.010095,-0.090972,0.021546,-9.631062,-9.631516,0.001065,-0.003195,0.003195,99331.59,25.7,0.197751
1785.953849,0.010141,-0.08379,0.014364,-9.638244,-9.638619,0.003195,-0.007455,0.003195,99331.59,25.7,0.190648
1785.963955,0.010106,-0.100548,0.021546,-9.633456,-9.634005,0.003195,-0.00639,0.00213,99331.59,25.7,0.195262
1785.974081,0.010126,-0.088578,0.026334,-9.662184,-9.662626,0.00213,-0.00426,0.00213,99331.59,25.7,0.166641
1785.984661,0.01058,-0.102942,0.004788,-9.638244,-9.638795,0.00213,-0.003195,0.001065,99331.06,25.7,0.190472
1785.995378,0.010716,-0.093366,0.038304,-9.652608,-9.653136,0.00426,-0.00852,0.00213,99331.06,25.7,0.176131
1786.007419,0.012042,-0.090972,0.016758,-9.64782,-9.648263,0.00213,-0.00426,0.001065,99331.06,25.7,0.181004
1786.017639,0.01022,-0.114912,0.019152,-9.633456,-9.63416,0,-0.005325,0.001065,99331.06,25.7,0.195107
1786.028939,0.0113,-0.086184,0.009576,-9.676548,-9.676937,0.00213,-0.005325,-0.001065,99331.06,25.7,0.15233
1786.040062,0.011123,-0.057456,0.019152,-9.686124,-9.686313,0.00213,-0.00426,0.001065,99331.06,25.7,0.142954
1786.051408,0.011346,-0.076608,0.031122,-9.688518,-9.688871,0.003195,-0.00426,-0.001065,99330.74,25.7,0.140396
1786.062331,0.010923,-0.088578,0.002394,-9.693306,-9.693711,0.001065,-0.007455,0.003195,99330.74,25.7,0.135556
1786.0735,0.011169,-0.086184,0.01197,-9.681336,-9.681727,0.003195,-0.007455,0.00426,99330.74,25.7,0.14754
1786.084709,0.01121,-0.110124,0.019152,-9.666972,-9.667618,0.00213,-0.005325,0.00426,99330.74,25.7,0.161649
1786.095947,0.011238,-0.126882,0.019152,-9.6957,-9.696549,0.00213,-0.00426,0.00213,99330.74,25.7,0.132718
1786.107144,0.011196,-0.074214,0.004788,-9.722034,-9.722318,0.001065,-0.00426,0,99330.74,25.7,0.106949
1786.118346,0.011203,-0.055062,-0.038304,-9.757944,-9.758175,0.003195,-0.005325,0.00213,99330.28,25.7,0.071092
1786.129518,0.011172,-0.007182,-0.031122,-9.762732,-9.762784,0,-0.001065,-0.001065,99330.28,25.7,0.066483
1786.140638,0.01112,-0.045486,-0.050274,-9.753156,-9.753392,0,-0.005325,0.003195,99330.28,25.7,0.075875
1786.152199,0.011561,-0.031122,-0.045486,-9.777096,-9.777251,0.00213,-0.00426,0.001065,99330.28,25.7,0.052016
1786.163106,0.010907,-0.052668,-0.014364,-9.760338,-9.760491,-0.001065,-0.005325,0.00213,99330.28,25.7,0.068776
1786.174349,0.011243,-0.098154,0.05985,-9.73161,-9.732289,0.001065,-0.00639,0.001065,99330.28,25.7,0.096978
1786.185404,0.011054,-0.07182,0.03591,-9.714852,-9.715184,0,-0.007455,0.003195,99330.28,25.7,0.114083
1786.196573,0.01117,-0.014364,0.004788,-9.769914,-9.769926,0,-0.007455,0.003195,99330.28,25.7,0.059341
1786.208149,0.011576,-0.038304,0.002394,-9.796248,-9.796323,0.001065,-0.003195,0.00426,99330.28,25.7,0.032944
1786.218963,0.010814,-0.009576,-0.014364,-9.786672,-9.786687,0.003195,-0.007455,0.005325,99330.28,25.7,0.04258
1786.230739,0.011776,-0.052668,-0.007182,-9.79146,-9.791604,0.00213,-0.00426,0.00213,99330.28,25.7,0.037663
1786.240953,0.010214,-0.064638,0.040698,-9.769914,-9.770213,0.003195,-0.00852,0.00639,99329.98,25.7,0.059054
1786.251094,0.010141,-0.105336,0.050274,-9.729216,-9.729916,0,-0.00852,0.003195,99329.98,25.7,0.099351
1786.26121,0.010116,-0.134064,0.057456,-9.772308,-9.773396,-0.001065,-0.00213,0.001065,99329.98,25.7,0.055871
1786.271304,0.010094,-0.138852,0.090972,-9.786672,-9.78808,0.00213,-0.00426,0.001065,99329.98,25.7,0.041187
1786.281386,0.010082,-0.141246,0.057456,-9.777096,-9.778285,0,-0.003195,0,99329.98,25.7,0.050982
1786.291786,0.0104,-0.136458,0.01197,-9.841734,-9.842687,0.00213,-0.005325,-0.001065,99329.98,25.7,-0.01342
1786.301875,0.010089,-0.134064,0.007182,-9.820188,-9.821106,0,-0.005325,-0.001065,99329.53,25.7,0.008161
1786.311983,0.010108,-0.153216,0.064638,-9.822582,-9.82399,0.00213,-0.00639,0.001065,99329.53,25.7,0.005277
1786.322113,0.01013,-0.141246,0.021546,-9.786672,-9.787715,0.001065,-0.007455,0,99329.53,25.7,0.041552
1786.332217,0.010104,-0.184338,-0.002394,-9.808218,-9.80995,0.003195,-0.00426,0.001065,99329.53,25.7,0.019317
1786.342756,0.010539,-0.184338,0.031122,-9.834552,-9.836329,-0.001065,-0.005325,0,99329.53,25.7,-0.007062
1786.352928,0.010172,-0.150822,-0.004788,-9.836946,-9.838103,0.003195,-0.003195,0,99329.53,25.7,-0.008836
1786.363016,0.010088,-0.081396,-0.069426,-9.872856,-9.873436,0.00426,-0.00426,0.001065,99329.53,25.7,-0.044169
1786.373097,0.010082,-0.057456,-0.050274,-9.865674,-9.865969,0.00213,-0.003195,0.003195,99329.18,25.7,-0.036702
1786.383183,0.010086,-0.033516,-0.079002,-9.865674,-9.866047,0.001065,-0.00426,0.00213,99329.18,25.7,-0.03678
1786.393294,0.010111,0.009576,-0.090972,-9.856098,-9.856522,0.00213,-0.00639,0.00213,99329.18,25.7,-0.027255
1786.403382,0.010088,-0.01197,-0.052668,-9.834552,-9.8347,0.003195,-0.00639,0.003195,99329.18,25.7,-0.005433
1786.413988,0.010605,0.002394,-0.031122,-9.796248,-9.796298,0.00213,-0.007455,0.00213,99329.18,25.7,0.032969
1786.424087,0.010099,-0.04788,-0.014364,-9.820188,-9.820315,0.001065,-0.00852,0.00426,99329.18,25.7,0.008952
1786.434752,0.010666,-0.014364,-0.009576,-9.781884,-9.781899,0.001065,-0.00426,0.00213,99328.91,25.7,0.047368
1786.44486,0.010107,-0.03591,0.03591,-9.824976,-9.825107,0.001065,-0.00639,0.00639,99328.91,25.7,0.00416
1786.455104,0.010244,0.004788,0.033516,-9.8154,-9.815458,0,-0.00426,0.00213,99328.91,25.7,0.013809
1786.465515,0.010411,-0.040698,0.05985,-9.801036,-9.801303,0.001065,-0.007455,0.00213,99328.91,25.7,0.027964
1786.475643,0.010128,-0.043092,0.03591,-9.789066,-9.789227,0.00213,-0.003195,0.003195,99328.91,25.7,0.04004
1786.485729,0.010086,-0.026334,0.064638,-9.753156,-9.753406,0.00426,-0.00639,0.003195,99328.91,25.7,0.075861
1786.495819,0.01009,-0.05985,0.067032,-9.75555,-9.755964,0.001065,-0.00639,0.001065,99328.91,25.7,0.073303
1786.505974,0.010155,-0.10773,0.088578,-9.777096,-9.778091,0.003195,-0.00639,0,99328.91,25.7,0.051176
1786.5161,0.010126,-0.057456,0.05985,-9.772308,-9.77266,0.003195,-0.003195,-0.001065,99328.91,25.7,0.056607
1786.526188,0.010088,-0.076608,0.04788,-9.798642,-9.799058,0.001065,-0.00426,0.003195,99328.91,25.7,0.030209
1786.536281,0.010093,-0.045486,0.01197,-9.832158,-9.832271,0.001065,-0.00426,-0.00213,99328.91,25.7,-0.003004
1786.546386,0.010105,-0.112518,0.004788,-9.824976,-9.825621,0.00213,-0.005325,-0.001065,99328.91,25.7,0.003646
1786.556499,0.010113,-0.100548,0.016758,-9.832158,-9.832686,0.001065,-0.00639,0.00213,99328.65,25.7,-0.003419
1786.566591,0.010092,-0.124488,-0.009576,-9.810612,-9.811406,0.00213,-0.00639,0.001065,99328.65,25.7,0.017861
1786.576716,0.010125,-0.134064,-0.01197,-9.8154,-9.816323,0.00213,-0.007455,0.001065,99328.65,25.7,0.012944
1786.586813,0.010097,-0.136458,-0.019152,-9.777096,-9.778067,0,-0.00639,0.00213,99328.65,25.7,0.0512
1786.59691,0.010097,-0.110124,-0.033516,-9.808218,-9.808893,0.00213,-0.00639,0.00213,99328.65,25.7,0.020374
1786.60701,0.0101,-0.124488,-0.031122,-9.82737,-9.828208,0.00213,-0.00426,0.00213,99328.65,25.7,0.001059
1786.617104,0.010094,-0.10773,-0.019152,-9.801036,-9.801647,0,-0.007455,0.00213,99328.38,25.7,0.02762
1786.627216,0.010112,-0.100548,-0.028728,-9.813006,-9.813563,0.00213,-0.00639,0,99328.38,25.7,0.015704
1786.637306,0.010089,-0.112518,-0.026334,-9.824976,-9.825656,0.00213,-0.00852,0.00213,99328.38,25.7,0.003611
1786.647411,0.010105,-0.110124,-0.007182,-9.762732,-9.763356,0.00426,-0.00213,0.00213,99328.38,25.7,0.065911
1786.657503,0.010092,-0.122094,0.004788,-9.798642,-9.799404,0,-0.00639,0.003195,99328.38,25.7,0.029863
1786.667604,0.0101,-0.076608,-0.01197,-9.810612,-9.810918,0.003195,-0.005325,-0.001065,99328.38,25.7,0.018349
1786.678111,0.010507,-0.055062,0.02394,-9.846522,-9.846705,0,-0.003195,0.00213,99328.38,25.7,-0.017438
1786.68822,0.01011,-0.040698,-0.02394,-9.834552,-9.834665,0.001065,-0.003195,0.00213,99328.16,25.7,-0.005398
1786.698326,0.010106,-0.040698,0.033516,-9.844128,-9.844269,0.00426,-0.00852,0.001065,99328.16,25.7,-0.015002
1786.708422,0.010095,-0.038304,0.021546,-9.856098,-9.856196,0.00213,-0.005325,0.003195,99328.16,25.7,-0.026929
1786.718511,0.010089,-0.069426,0.03591,-9.846522,-9.846832,0.003195,-0.00639,0.001065,99328.16,25.7,-0.017565
1786.72862,0.010109,-0.057456,0.052668,-9.858492,-9.8588,0.001065,-0.003195,0.003195,99328.16,25.7,-0.029533
