time,dt,accel_x,accel_y,accel_z,union_g,gyro_x,gyro_y,gyro_z,pressure,temp,ag,前期测量基准重力：,-9.8242
0.022705,0.022704,-0.301644,0.057456,-9.822582,-9.82738,0.00426,-0.00426,0.00426,98076.88,32.72,-0.00318,,
0.090592,0.067888,-0.32319,0.028728,-9.834552,-9.839903,0.001065,-0.005325,0.00213,98068.59,32.73,-0.015703,,
0.157625,0.067033,-0.325584,0.019152,-9.8154,-9.820817,0.001065,-0.007455,0.00213,98072.74,32.74,0.003383,,
0.225455,0.06783,-0.29925,-0.014364,-9.892008,-9.896544,0.003195,-0.00213,0.00426,98060.31,32.75,-0.072344,,
0.296338,0.070883,-0.296856,0.019152,-9.889614,-9.894087,0.00213,-0.001065,0.00426,98060.31,32.74,-0.069887,,
0.369394,0.073057,-0.28728,0.016758,-9.860886,-9.865084,0.001065,-0.00213,-0.001065,98068.59,32.76,-0.040884,,
0.436727,0.067333,-0.392616,0.021546,-9.726822,-9.734766,0.001065,-0.00639,0.00213,98064.45,32.76,0.089434,,
0.504325,0.067598,-0.356706,0.021546,-9.664578,-9.671183,-0.001065,-0.00639,0.00426,98060.31,32.75,0.153017,,
0.571911,0.067586,-0.253764,0.038304,-9.832158,-9.835507,0.001065,-0.005325,0.00426,98072.74,32.75,-0.011307,,
0.641949,0.070038,-0.361494,-0.009576,-9.951858,-9.958426,0.001065,-0.00426,0,98068.59,32.75,-0.134226,,
0.716278,0.074329,-0.354312,0.002394,-9.872856,-9.879212,0.00213,-0.003195,0.003195,98060.31,32.75,-0.055012,,
0.787471,0.071193,-0.27531,0.033516,-9.710064,-9.714024,0.001065,-0.00639,0.005325,98060.31,32.76,0.110176,,
0.857548,0.070078,-0.33516,0.045486,-9.757944,-9.763804,0,-0.00639,0.003195,98076.88,32.75,0.060396,,
0.928539,0.070991,-0.33516,0.028728,-9.865674,-9.871407,0,-0.00639,0.005325,98060.31,32.74,-0.047207,,
0.995423,0.066884,-0.32319,0.019152,-9.901584,-9.906876,0.001065,-0.00426,0.003195,98064.45,32.75,-0.082676,,
1.062659,0.067236,-0.330372,0.05985,-9.834552,-9.840282,0.003195,-0.00639,0.00213,98064.45,32.76,-0.016082,,
1.129459,0.0668,-0.31122,0.050274,-9.777096,-9.782177,-0.001065,-0.00852,0.001065,98060.31,32.75,0.042023,,
1.196966,0.067508,-0.284886,0.014364,-9.784278,-9.788435,0.001065,-0.00213,0.003195,98072.74,32.75,0.035765,,
1.264915,0.067949,-0.349524,-0.007182,-9.85131,-9.857511,-0.001065,-0.005325,0.00213,98068.59,32.75,-0.033311,,
1.332065,0.06715,-0.356706,0.040698,-9.892008,-9.898521,0.001065,-0.009585,0.00426,98076.88,32.76,-0.074321,,
1.398829,0.066764,-0.306432,0.038304,-9.87525,-9.880077,0.001065,-0.003195,0.003195,98064.45,32.76,-0.055877,,
1.465586,0.066757,-0.316008,0.019152,-9.781884,-9.787006,0.001065,-0.007455,0.005325,98068.59,32.75,0.037194,,
1.533436,0.06785,-0.332766,0.01197,-9.796248,-9.801905,0.001065,-0.005325,0.003195,98064.45,32.76,0.022295,,
1.600382,0.066945,-0.301644,0.01197,-9.829764,-9.834398,0,-0.003195,0.005325,98072.74,32.76,-0.010198,,
1.668084,0.067702,-0.337554,0.040698,-9.89919,-9.905027,0.003195,-0.007455,0.001065,98076.88,32.75,-0.080827,,
1.735247,0.067163,-0.32319,0.052668,-9.829764,-9.835217,-0.00213,-0.007455,0.00213,98068.59,32.76,-0.011017,,
1.802086,0.066839,-0.29925,0.007182,-9.745974,-9.75057,0.00213,-0.007455,0.001065,98068.59,32.76,0.07363,,
1.869503,0.067417,-0.318402,0.04788,-9.784278,-9.789574,0,-0.005325,0.00213,98060.31,32.75,0.034626,,
1.936081,0.066578,-0.31122,0.043092,-9.860886,-9.86589,0.00213,-0.00426,0.00426,98072.74,32.75,-0.04169,,
2.002978,0.066897,-0.354312,0.026334,-9.892008,-9.898386,0.001065,-0.00852,0.001065,98068.59,32.75,-0.074186,,
2.070408,0.06743,-0.318402,0.014364,-9.8154,-9.820573,0.00213,-0.00639,0.00213,98068.59,32.76,0.003627,,
2.137507,0.067099,-0.296856,0.019152,-9.772308,-9.776835,0.00213,-0.005325,0.00213,98060.31,32.75,0.047365,,
2.204395,0.066888,-0.308826,-0.007182,-9.796248,-9.801117,0.00213,-0.00639,0.003195,98064.45,32.76,0.023083,,
2.271773,0.067378,-0.301644,0.01197,-9.872856,-9.87747,0,-0.00852,0.00213,98068.59,32.75,-0.05327,,
2.338997,0.067225,-0.320796,0.026334,-9.870462,-9.875709,0.001065,-0.007455,0.005325,98068.59,32.76,-0.051509,,
2.405551,0.066554,-0.34713,0.002394,-9.810612,-9.816752,0.003195,-0.00639,0.001065,98068.59,32.75,0.007448,,
2.472914,0.067363,-0.308826,0.014364,-9.76752,-9.772412,0,-0.007455,0.00639,98060.31,32.75,0.051788,,
2.540263,0.067349,-0.306432,0.026334,-9.769914,-9.774754,0,-0.007455,0.003195,98060.31,32.75,0.049446,,
2.607277,0.067014,-0.41895,0.031122,-9.75555,-9.764591,0.001065,-0.00852,0.003195,98064.45,32.76,0.059609,,
2.674226,0.066949,-0.234612,0.021546,-10.045224,-10.047986,0.001065,-0.003195,0.003195,98072.74,32.76,-0.223786,,
2.741365,0.067139,-0.268128,0.052668,-9.961434,-9.965181,0.003195,-0.00852,0.001065,98068.59,32.75,-0.140981,,
2.808157,0.066792,-0.308826,0,-9.705276,-9.710188,-0.001065,-0.00426,0.00213,98072.74,32.75,0.114012,,
2.875277,0.06712,-0.366282,-0.007182,-9.724428,-9.731326,0.00213,-0.007455,0.00426,98064.45,32.76,0.092874,,
2.942746,0.067469,-0.304038,0.112518,-9.836946,-9.842287,0.001065,-0.00213,0.00213,98072.74,32.76,-0.018087,,
3.010245,0.067499,-0.327978,0.088578,-9.882432,-9.88827,0.00213,-0.005325,0.00213,98068.59,32.76,-0.06407,,
3.076964,0.066719,-0.349524,0.01197,-9.92313,-9.929291,0,-0.00639,-0.00426,98068.59,32.74,-0.105091,,
3.143385,0.066421,-0.21546,-0.04788,-9.817794,-9.820275,0,-0.00426,0.00213,98072.74,32.75,0.003925,,
3.212084,0.068699,-0.366282,-0.03591,-9.781884,-9.788805,0.003195,-0.007455,0.003195,98068.59,32.75,0.035395,,
3.284538,0.072454,-0.354312,0.110124,-9.789066,-9.796095,0.001065,-0.007455,0.00639,98064.45,32.75,0.028105,,
3.357086,0.072548,-0.32319,0.069426,-9.903978,-9.909493,0,-0.00639,0.00213,98076.88,32.75,-0.085293,,
3.427732,0.070646,-0.29925,0,-9.88722,-9.891748,0.003195,-0.00852,0.001065,98060.31,32.75,-0.067548,,
3.501814,0.074082,-0.277704,-0.026334,-9.726822,-9.730821,-0.001065,-0.00639,0.005325,98052.02,32.74,0.093379,,
3.568919,0.067106,-0.294462,0.043092,-9.760338,-9.764874,0,-0.00639,0.005325,98072.74,32.74,0.059326,,
3.636045,0.067126,-0.29925,0.07182,-9.892008,-9.896794,0.00213,-0.00852,0.00213,98064.45,32.74,-0.072594,,
3.703211,0.067166,-0.366282,0.007182,-9.956646,-9.963384,0.001065,-0.007455,0,98060.31,32.75,-0.139184,,
3.770055,0.066844,-0.37107,-0.004788,-9.844128,-9.85112,-0.001065,-0.00639,0.00213,98076.88,32.74,-0.02692,,
3.837501,0.067446,-0.237006,0.038304,-9.67176,-9.674739,0.00213,-0.00639,0.001065,98068.59,32.74,0.149461,,
3.904225,0.066724,-0.28728,0.014364,-9.750762,-9.755004,0.00213,-0.005325,0.003195,98068.59,32.75,0.069196,,
3.971527,0.067302,-0.337554,0.055062,-9.918342,-9.924237,0.001065,-0.00639,0.003195,98068.59,32.75,-0.100037,,
4.038222,0.066695,-0.363888,0.021546,-9.956646,-9.963317,0.003195,-0.005325,0.001065,98060.31,32.76,-0.139117,,
4.105563,0.067341,-0.29925,0.016758,-9.810612,-9.815189,0.001065,-0.005325,0.003195,98072.74,32.75,0.009011,,
4.173178,0.067615,-0.32319,0.02394,-9.748368,-9.753753,0.00213,-0.00426,0.003195,98064.45,32.74,0.070447,,
4.243693,0.070515,-0.34713,0.02394,-9.76752,-9.773716,0,-0.005325,0.001065,98064.45,32.74,0.050484,,
4.313155,0.069462,-0.284886,0.057456,-9.889614,-9.893883,0,-0.005325,0.003195,98068.59,32.75,-0.069683,,
4.384605,0.07145,-0.33516,0.019152,-9.918342,-9.924022,0.003195,-0.00426,0.003195,98068.59,32.75,-0.099822,,
4.452247,0.067642,-0.375858,0.033516,-9.80343,-9.81069,0.00213,-0.00639,0.00213,98064.45,32.74,0.01351,,
4.51922,0.066974,-0.320796,0.045486,-9.76752,-9.772892,0.003195,-0.00639,0.005325,98068.59,32.75,0.051308,,
4.586222,0.067002,-0.301644,0.026334,-9.817794,-9.822462,0.00426,-0.007455,0.00213,98068.59,32.75,0.001738,,
4.653565,0.067343,-0.318402,0.021546,-9.844128,-9.849299,0.00213,-0.005325,0,98064.45,32.74,-0.025099,,
4.720792,0.067227,-0.32319,0.031122,-9.841734,-9.847088,0.001065,-0.007455,0.00426,98064.45,32.75,-0.022888,,
4.787772,0.066979,-0.272916,0.007182,-9.877644,-9.881416,0.00213,-0.00639,0.003195,98068.59,32.75,-0.057216,,
4.854786,0.067014,-0.301644,0.01197,-9.853704,-9.858327,0.00213,-0.007455,0.001065,98076.88,32.74,-0.034127,,
4.921626,0.06684,-0.320796,0.019152,-9.781884,-9.787162,0.001065,-0.007455,0.005325,98064.45,32.76,0.037038,,
4.989055,0.067429,-0.33516,0.03591,-9.753156,-9.758979,0,-0.00426,0.001065,98068.59,32.75,0.065221,,
5.056292,0.067237,-0.325584,0.045486,-9.82737,-9.832867,0,-0.00426,0.003195,98068.59,32.75,-0.008667,,
5.123484,0.067192,-0.344736,0.03591,-9.92313,-9.929181,0.00213,-0.005325,0.003195,98068.59,32.74,-0.104981,,
5.190569,0.067085,-0.318402,0.021546,-9.829764,-9.834943,0.00213,-0.00426,0.00213,98072.74,32.75,-0.010743,,
5.25759,0.067021,-0.306432,0,-9.813006,-9.817789,0,-0.00639,0.005325,98072.74,32.74,0.006411,,
5.324893,0.067303,-0.33516,0.028728,-9.813006,-9.81877,0,-0.003195,0.00213,98068.59,32.75,0.00543,,
5.39196,0.067067,-0.34713,0.05985,-9.832158,-9.838466,0.001065,-0.00426,0.005325,98072.74,32.75,-0.014266,,
5.458963,0.067003,-0.342342,0.04788,-9.872856,-9.878906,-0.001065,-0.00426,0.001065,98068.59,32.76,-0.054706,,
5.526189,0.067225,-0.306432,0.016758,-9.856098,-9.860875,0.001065,-0.00426,0.001065,98076.88,32.75,-0.036675,,
5.593039,0.06685,-0.296856,-0.016758,-9.810612,-9.815117,0.00213,-0.009585,0.003195,98068.59,32.75,0.009083,,
5.660223,0.067183,-0.301644,0.038304,-9.793854,-9.798573,0.00213,-0.00852,0.00213,98072.74,32.75,0.025627,,
5.727105,0.066883,-0.301644,0.055062,-9.834552,-9.839331,-0.001065,-0.00213,0.003195,98060.31,32.75,-0.015131,,
5.795758,0.068653,-0.337554,0,-9.860886,-9.866662,0.00213,-0.00426,0.00213,98076.88,32.74,-0.042462,,
5.872763,0.077005,-0.426132,-0.014364,-9.70767,-9.717029,0.001065,-0.011715,0.00426,98068.59,32.74,0.107171,,
5.939963,0.0672,-0.304038,-0.004788,-9.73161,-9.736359,0.00213,-0.00639,0.001065,98068.59,32.74,0.087841,,
6.007538,0.067575,-0.158004,0.081396,-10.04283,-10.044403,0,-0.003195,0.003195,98068.59,32.74,-0.220203,,
6.074492,0.066954,-0.306432,0.004788,-10.045224,-10.049898,0.001065,-0.005325,0.005325,98060.31,32.75,-0.225698,,
6.141366,0.066874,-0.397404,-0.050274,-9.745974,-9.754203,0.00213,-0.00639,0.003195,98064.45,32.76,0.069997,,
6.208736,0.06737,-0.325584,0.04788,-9.59994,-9.605579,0.001065,-0.00213,0.00426,98076.88,32.75,0.218621,,
6.27609,0.067354,-0.344736,0.079002,-9.813006,-9.819377,0,-0.00213,0.00213,98072.74,32.75,0.004823,,
6.343443,0.067353,-0.27531,0.050274,-9.973404,-9.97733,0,-0.00639,-0.001065,98072.74,32.75,-0.15313,,
6.410481,0.067038,-0.356706,-0.019152,-9.846522,-9.853,-0.001065,-0.00852,0.00426,98060.31,32.74,-0.0288,,
6.477241,0.066759,-0.423738,0.03591,-9.975798,-9.984858,0.00213,-0.007455,0.00639,98068.59,32.74,-0.160658,,
6.544027,0.066787,-0.229824,0.055062,-9.71964,-9.722513,0,-0.00426,0.003195,98072.74,32.75,0.101687,,
6.611001,0.066973,-0.26334,0.009576,-9.705276,-9.708853,0.003195,-0.005325,0,98072.74,32.75,0.115347,,
6.677483,0.066483,-0.387828,-0.016758,-9.872856,-9.880485,-0.001065,-0.00426,0.001065,98068.59,32.75,-0.056285,,
6.744424,0.06694,-0.332766,0,-9.925524,-9.931101,0.00213,-0.003195,0.00213,98068.59,32.74,-0.106901,,
6.811657,0.067233,-0.27531,0.045486,-9.85131,-9.855261,0.00213,-0.007455,0.00426,98068.59,32.76,-0.031061,,
6.878968,0.067311,-0.313614,0.050274,-9.80343,-9.808574,0.00426,-0.00639,0.00213,98068.59,32.74,0.015626,,
6.946,0.067032,-0.339948,-0.01197,-9.73161,-9.737553,0,-0.005325,0.003195,98072.74,32.75,0.086647,,
7.013505,0.067504,-0.301644,0.069426,-9.652608,-9.65757,0.001065,-0.00852,0.00426,98072.74,32.75,0.16663,,
7.081341,0.067836,-0.189126,0.014364,-9.94707,-9.948878,0,-0.00213,0.001065,98068.59,32.74,-0.124678,,
7.147806,0.066465,-0.246582,-0.052668,-10.06677,-10.069927,0.001065,-0.005325,0.001065,98076.88,32.75,-0.245727,,
7.215181,0.067375,-0.351918,0.004788,-9.918342,-9.924584,0.00213,-0.00852,0.00213,98064.45,32.76,-0.100384,,
7.28286,0.067679,-0.316008,0.04788,-9.626274,-9.631579,0.001065,-0.00639,0.00426,98072.74,32.75,0.192621,,
7.349482,0.066622,-0.28728,0.074214,-9.607122,-9.611703,0,-0.00639,0.00213,98072.74,32.75,0.212497,,
7.415908,0.066426,-0.404586,0.031122,-9.925524,-9.933815,0.001065,-0.00426,0,98060.31,32.74,-0.109615,,
7.482827,0.066919,-0.256158,-0.043092,-9.987768,-9.991145,0.00213,-0.003195,0.001065,98068.59,32.75,-0.166945,,
7.54949,0.066663,-0.282492,0.07182,-10.021284,-10.025522,0.00426,-0.00639,0.007455,98068.59,32.75,-0.201322,,
7.616356,0.066866,-0.327978,0.033516,-9.76752,-9.773082,0,-0.005325,0.003195,98076.88,32.74,0.051118,,
7.682721,0.066365,-0.272916,-0.004788,-9.657396,-9.661253,0.00213,-0.007455,-0.001065,98068.59,32.74,0.162947,,
7.749999,0.067278,-0.229824,0.038304,-9.80343,-9.806198,-0.00213,-0.003195,0.00426,98076.88,32.74,0.018002,,
7.816729,0.066731,-0.387828,0.004788,-9.86328,-9.870903,0,-0.005325,0.00213,98072.74,32.74,-0.046703,,
7.884005,0.067275,-0.316008,-0.019152,-9.89919,-9.904251,0,-0.003195,0.001065,98068.59,32.75,-0.080051,,
7.951737,0.067733,-0.277704,0.088578,-9.918342,-9.922624,0.001065,-0.00639,0.00426,98072.74,32.74,-0.098424,,
8.019042,0.067304,-0.390222,0.019152,-9.760338,-9.768154,0,-0.009585,0.003195,98085.16,32.74,0.056046,,
8.086619,0.067577,-0.316008,-0.009576,-9.74358,-9.748708,0.00213,-0.00426,0.00213,98072.74,32.74,0.075492,,
8.154111,0.067493,-0.337554,0.100548,-9.798642,-9.80497,0.001065,-0.003195,0.00213,98068.59,32.74,0.01923,,
8.221522,0.067411,-0.292068,0.028728,-10.014102,-10.018401,0,-0.00426,0.003195,98076.88,32.74,-0.194201,,
8.28956,0.068038,-0.296856,0.01197,-9.925524,-9.929969,0.00213,-0.00852,0.00213,98064.45,32.75,-0.105769,,
8.356817,0.067256,-0.351918,0.007182,-9.71964,-9.726011,0.001065,-0.007455,0.00426,98064.45,32.74,0.098189,,
8.427191,0.070374,-0.325584,0.057456,-9.662184,-9.667839,-0.001065,-0.007455,0.005325,98068.59,32.74,0.156361,,
8.500976,0.073786,-0.301644,0.040698,-9.832158,-9.836868,0.001065,-0.00426,0.003195,98076.88,32.75,-0.012668,,
8.567954,0.066978,-0.397404,0.028728,-9.944676,-9.952655,0.00213,-0.00852,0.003195,98076.88,32.74,-0.128455,,
8.638989,0.071035,-0.332766,0.02394,-9.97101,-9.97659,0.001065,-0.00639,0.00213,98068.59,32.74,-0.15239,,
8.707941,0.068952,-0.258552,0.031122,-9.753156,-9.756632,0.003195,-0.00426,0.00213,98081.02,32.75,0.067568,,
8.779695,0.071754,-0.31122,0.002394,-9.662184,-9.667195,0.00213,-0.00639,0.003195,98072.74,32.74,0.157005,,
8.847695,0.067999,-0.368676,0.016758,-9.829764,-9.83669,0.00213,-0.00639,0.00426,98072.74,32.74,-0.01249,,
8.915006,0.067311,-0.349524,0.050274,-9.932706,-9.938981,0.00213,-0.00426,0.001065,98068.59,32.74,-0.114781,,
8.982303,0.067297,-0.280098,0.050274,-9.94707,-9.95114,0,-0.00426,0.003195,98072.74,32.74,-0.12694,,
9.049274,0.066971,-0.313614,-0.007182,-9.777096,-9.782127,0.00426,-0.007455,0.00639,98072.74,32.74,0.042073,,
9.116378,0.067105,-0.318402,0.007182,-9.734004,-9.739213,0.001065,-0.00426,0.00213,98072.74,32.75,0.084987,,
9.183663,0.067285,-0.32319,0.057456,-9.77949,-9.784998,0.001065,-0.00213,0.003195,98072.74,32.75,0.039202,,
9.251457,0.067793,-0.337554,0.052668,-9.896796,-9.902691,0.003195,-0.007455,0,98076.88,32.74,-0.078491,,
9.318452,0.066995,-0.332766,0.021546,-9.892008,-9.897627,0,-0.00426,0.001065,98076.88,32.75,-0.073427,,
9.385576,0.067124,-0.296856,0.019152,-9.824976,-9.829478,0.003195,-0.00426,0.00426,98060.31,32.74,-0.005278,,
9.452813,0.067237,-0.292068,-0.002394,-9.726822,-9.731206,0.00213,-0.007455,0.005325,98068.59,32.74,0.092994,,
9.519362,0.066549,-0.325584,0.028728,-9.757944,-9.763416,0.001065,-0.00426,0.005325,98076.88,32.74,0.060784,,
9.586617,0.067255,-0.33516,0.038304,-9.868068,-9.873832,0.00213,-0.00852,0,98072.74,32.75,-0.049632,,
9.653449,0.066831,-0.330372,0.038304,-9.942282,-9.947843,0,-0.00852,0.003195,98076.88,32.74,-0.123643,,
9.720822,0.067374,-0.306432,-0.002394,-9.85131,-9.856075,0.001065,-0.00852,0.001065,98068.59,32.75,-0.031875,,
9.788125,0.067302,-0.265734,0.019152,-9.76752,-9.771153,0.00426,-0.00639,0.005325,98068.59,32.74,0.053047,,
9.855382,0.067258,-0.306432,0.050274,-9.745974,-9.75092,0.001065,-0.00426,0.003195,98072.74,32.73,0.07328,,
9.922084,0.066701,-0.306432,0,-9.889614,-9.89436,0.001065,-0.00639,0.003195,98076.88,32.74,-0.07016,,
9.988975,0.066891,-0.337554,0.03591,-9.906372,-9.912186,0.001065,-0.00426,0.001065,98068.59,32.73,-0.087986,,
10.055882,0.066907,-0.282492,0.05985,-9.844128,-9.848362,0.001065,-0.00426,0.00213,98072.74,32.74,-0.024162,,
10.123233,0.067352,-0.29925,0.01197,-9.77949,-9.784075,0.00213,-0.007455,0.00426,98076.88,32.73,0.040125,,
10.189933,0.066699,-0.337554,-0.002394,-9.781884,-9.787707,0.003195,-0.003195,0.005325,98076.88,32.74,0.036493,,
10.25677,0.066838,-0.339948,0.057456,-9.858492,-9.864519,0.001065,-0.007455,0.00213,98068.59,32.74,-0.040319,,
10.324512,0.067741,-0.308826,0.03591,-9.877644,-9.882536,0.001065,-0.00426,0.001065,98068.59,32.74,-0.058336,,
10.392087,0.067575,-0.308826,0.009576,-9.848916,-9.853761,0.001065,-0.00426,0.003195,98068.59,32.74,-0.029561,,
10.459341,0.067254,-0.33516,0.007182,-9.820188,-9.825908,0.001065,-0.00426,0.00426,98060.31,32.75,-0.001708,,
10.526316,0.066976,-0.306432,0.057456,-9.79146,-9.796422,0.001065,-0.005325,0.003195,98072.74,32.74,0.027778,,
10.593498,0.067182,-0.304038,0.021546,-9.820188,-9.824917,0.00213,-0.003195,0.00213,98068.59,32.74,-0.000717,,
10.660826,0.067327,-0.337554,0.016758,-9.865674,-9.871461,0.003195,-0.005325,0.00213,98072.74,32.74,-0.047261,,
10.727866,0.06704,-0.320796,0.014364,-9.82737,-9.832615,0.003195,-0.007455,0,98072.74,32.74,-0.008415,,
10.794739,0.066873,-0.292068,0.038304,-9.817794,-9.822212,-0.001065,-0.00639,0.003195,98068.59,32.74,0.001988,,
10.861703,0.066964,-0.280098,0.067032,-9.8154,-9.819625,0.00213,-0.00426,-0.001065,98068.59,32.74,0.004575,,
10.928491,0.066788,-0.344736,0.002394,-9.817794,-9.823845,0.001065,-0.007455,0.00426,98076.88,32.74,0.000355,,
10.995617,0.067126,-0.339948,-0.002394,-9.856098,-9.861959,0.001065,-0.00639,0.003195,98076.88,32.74,-0.037759,,
11.062757,0.06714,-0.318402,0.04788,-9.846522,-9.851785,-0.001065,-0.00426,0.003195,98068.59,32.74,-0.027585,,
11.130189,0.067433,-0.337554,-0.002394,-9.820188,-9.825988,0.00213,-0.01065,0.003195,98072.74,32.74,-0.001788,,
11.196841,0.066652,-0.344736,0.02394,-9.793854,-9.799949,0.001065,-0.00426,0,98064.45,32.74,0.024251,,
11.264072,0.067231,-0.306432,0.033516,-9.83934,-9.844168,0,-0.00213,0,98081.02,32.74,-0.019968,,
11.331784,0.067712,-0.325584,0.004788,-9.848916,-9.854297,0.00213,-0.009585,0.00426,98072.74,32.74,-0.030097,,
11.398753,0.06697,-0.31122,0.026334,-9.817794,-9.822761,0.001065,-0.00426,0.001065,98072.74,32.74,0.001439,,
11.465579,0.066825,-0.29925,0.01197,-9.808218,-9.812789,0.00213,-0.003195,0.001065,98068.59,32.74,0.011411,,
11.533274,0.067696,-0.31122,0.002394,-9.805824,-9.810762,0,-0.007455,0.003195,98064.45,32.74,0.013438,,
11.600198,0.066924,-0.306432,0.019152,-9.8154,-9.820201,0.001065,-0.005325,0.00213,98076.88,32.74,0.003999,,
11.666844,0.066646,-0.31122,0.02394,-9.85131,-9.856254,0,-0.00426,0.001065,98072.74,32.74,-0.032054,,
11.734444,0.0676,-0.342342,0.028728,-9.817794,-9.823803,0.001065,-0.007455,0.005325,98064.45,32.74,0.000397,,
11.801595,0.067152,-0.282492,0.043092,-9.834552,-9.838703,0.001065,-0.003195,0.005325,98081.02,32.74,-0.014503,,
11.868818,0.067223,-0.356706,0.014364,-9.813006,-9.819498,0.00213,-0.00639,0.00426,98068.59,32.74,0.004702,,
11.935743,0.066925,-0.308826,0.026334,-9.824976,-9.829864,0.00426,-0.005325,0.00213,98076.88,32.73,-0.005664,,
12.002455,0.066712,-0.301644,0.01197,-9.8154,-9.820041,0.00213,-0.00426,0.003195,98068.59,32.74,0.004159,,
12.06962,0.067165,-0.304038,0.043092,-9.844128,-9.848916,0.001065,-0.00639,0.003195,98085.16,32.74,-0.024716,,
12.136838,0.067218,-0.304038,0.038304,-9.805824,-9.810611,-0.001065,-0.003195,0.00426,98072.74,32.74,0.013589,,
12.203888,0.06705,-0.308826,0.014364,-9.8154,-9.820268,0.001065,-0.00426,0.00426,98064.45,32.74,0.003932,,
12.27155,0.067662,-0.327978,0.043092,-9.82737,-9.832936,-0.00213,-0.00639,0.003195,98076.88,32.74,-0.008736,,
12.338698,0.067148,-0.260946,0.026334,-9.853704,-9.857194,0.001065,-0.003195,0.001065,98072.74,32.74,-0.032994,,
12.408838,0.07014,-0.327978,0.007182,-9.83934,-9.844807,0,-0.005325,0.003195,98076.88,32.73,-0.020607,,
12.483536,0.074698,-0.332766,0.040698,-9.860886,-9.866583,0.003195,-0.007455,0.005325,98076.88,32.73,-0.042383,,
12.55097,0.067434,-0.234612,0.016758,-9.817794,-9.820611,0.00213,-0.00639,0.00213,98076.88,32.74,0.003589,,
12.620544,0.069574,-0.414162,0.021546,-9.834552,-9.843293,0.001065,-0.00426,0.001065,98076.88,32.74,-0.019093,,
12.694868,0.074325,-0.284886,0.03591,-9.829764,-9.833957,-0.001065,-0.003195,0.003195,98068.59,32.74,-0.009757,,
12.762847,0.067979,-0.28728,0.04788,-9.829764,-9.834078,-0.001065,-0.00639,0,98068.59,32.74,-0.009878,,
12.830154,0.067306,-0.308826,0.014364,-9.848916,-9.853767,0.001065,-0.007455,0.003195,98072.74,32.73,-0.029567,,
12.897717,0.067563,-0.349524,0.021546,-9.813006,-9.819252,0.00426,-0.005325,0.00426,98064.45,32.73,0.004948,,
12.964794,0.067077,-0.280098,0.064638,-9.836946,-9.841145,0.001065,-0.00213,0.003195,98072.74,32.74,-0.016945,,
13.031522,0.066728,-0.332766,-0.007182,-9.8154,-9.821042,-0.001065,-0.00852,0.001065,98068.59,32.75,0.003158,,
13.098272,0.06675,-0.34713,0.01197,-9.822582,-9.828721,0.001065,-0.005325,0.00213,98060.31,32.74,-0.004521,,
13.164939,0.066667,-0.289674,0.04788,-9.822582,-9.826969,0.00213,-0.00426,0.00426,98064.45,32.74,-0.002769,,
13.232322,0.067383,-0.306432,0.064638,-9.846522,-9.851501,0.001065,-0.007455,0.00426,98064.45,32.74,-0.027301,,
13.298987,0.066665,-0.327978,0.050274,-9.83934,-9.844933,0.001065,-0.00213,0.00213,98068.59,32.73,-0.020733,,
13.365482,0.066495,-0.306432,0.016758,-9.83934,-9.844125,0.001065,-0.00639,0.00639,98072.74,32.74,-0.019925,,
13.432856,0.067374,-0.327978,0.038304,-9.8154,-9.820953,0,-0.005325,0.003195,98068.59,32.75,0.003247,,
13.500079,0.067223,-0.306432,0.040698,-9.841734,-9.846587,0.001065,-0.00426,0.001065,98076.88,32.73,-0.022387,,
13.567256,0.067177,-0.289674,-0.002394,-9.834552,-9.838817,0.001065,-0.00639,0.003195,98064.45,32.74,-0.014617,,
13.634472,0.067216,-0.332766,0.040698,-9.83934,-9.84505,0,-0.003195,0.00426,98068.59,32.73,-0.02085,,
13.70147,0.066998,-0.316008,0.031122,-9.769914,-9.775073,0.003195,-0.009585,0.00426,98060.31,32.74,0.049127,,
13.769567,0.068097,-0.308826,0.026334,-9.808218,-9.813114,0.003195,-0.003195,0.003195,98064.45,32.74,0.011086,,
13.840061,0.070495,-0.284886,0.045486,-9.87525,-9.879463,0,-0.00426,0,98068.59,32.73,-0.055263,,
13.918418,0.078357,-0.306432,0.026334,-9.92313,-9.927895,0.001065,-0.00426,0.00213,98072.74,32.73,-0.103695,,
13.989026,0.070608,-0.332766,-0.002394,-9.894402,-9.899996,0.00213,-0.00639,0.003195,98076.88,32.74,-0.075796,,
14.060414,0.071389,-0.33516,0.016758,-9.877644,-9.883343,0.00213,-0.007455,0.00426,98068.59,32.74,-0.059143,,
14.128053,0.067639,-0.306432,0.038304,-9.990162,-9.994934,0.001065,-0.005325,0.003195,98076.88,32.73,-0.170734,,
14.197752,0.069699,-0.320796,0.04788,-10.061982,-10.067208,-0.001065,-0.003195,0.003195,98068.59,32.74,-0.243008,,
14.268234,0.070483,-0.327978,0.007182,-10.09071,-10.096041,0,-0.00639,0.003195,98064.45,32.73,-0.271841,,
14.338396,0.070162,-0.33516,0,-10.083528,-10.089097,0.00213,-0.00639,0.00213,98068.59,32.73,-0.264897,,
14.406553,0.068157,-0.33516,0.002394,-10.129014,-10.134558,0.001065,-0.00639,0.003195,98068.59,32.73,-0.310358,,
14.47362,0.067067,-0.306432,0.050274,-10.157742,-10.162487,0.001065,-0.00639,0.003195,98068.59,32.73,-0.338287,,
14.540716,0.067096,-0.337554,0.033516,-10.169712,-10.175368,0.00213,-0.005325,0.00426,98072.74,32.73,-0.351168,,
14.607643,0.066927,-0.33516,0.007182,-10.215198,-10.220697,0.003195,-0.007455,0.00213,98076.88,32.73,-0.396497,,
14.674519,0.066876,-0.28728,0.031122,-10.263078,-10.267145,0.001065,-0.001065,0.003195,98076.88,32.74,-0.442945,,
14.741491,0.066972,-0.34713,0.067032,-10.301382,-10.307447,0.00213,-0.005325,0.00213,98076.88,32.74,-0.483247,,
14.80901,0.067519,-0.313614,0.03591,-10.344474,-10.349289,0.00213,-0.00426,0.001065,98085.16,32.73,-0.525089,,
14.876121,0.067111,-0.330372,0.014364,-10.382778,-10.388043,0,-0.00426,0.00213,98068.59,32.74,-0.563843,,
14.944645,0.068524,-0.327978,0.019152,-10.368414,-10.373618,0.00426,-0.005325,0.001065,98068.59,32.74,-0.549418,,
15.015128,0.070483,-0.342342,0.043092,-10.34208,-10.347834,0.00426,-0.00426,0.001065,98076.88,32.73,-0.523634,,
15.083563,0.068434,-0.378252,0.028728,-10.303776,-10.310757,0.001065,-0.005325,0.00213,98076.88,32.74,-0.486557,,
15.156245,0.072683,-0.289674,0.033516,-10.34208,-10.34619,0.001065,-0.003195,0.005325,98072.74,32.73,-0.52199,,
15.222516,0.066271,-0.327978,0.02394,-10.320534,-10.325772,0,-0.003195,0.003195,98076.88,32.74,-0.501572,,
15.293945,0.071429,-0.363888,0.016758,-10.34208,-10.348493,-0.001065,-0.007455,0.003195,98068.59,32.74,-0.524293,,
15.361208,0.067263,-0.354312,0.033516,-10.339686,-10.345809,-0.001065,-0.005325,0,98068.59,32.73,-0.521609,,
15.432086,0.070878,-0.316008,0.019152,-10.31814,-10.322996,0.00213,-0.00426,0.001065,98076.88,32.73,-0.498796,,
15.50141,0.069324,-0.327978,0.007182,-10.351656,-10.356853,0.00213,-0.007455,0.00426,98060.31,32.73,-0.532653,,
15.569427,0.068017,-0.320796,0.057456,-10.34208,-10.347214,0.001065,-0.005325,0.00213,98068.59,32.73,-0.523014,,
15.637333,0.067906,-0.339948,0.028728,-10.325322,-10.330957,0.00213,-0.00426,0.00426,98068.59,32.73,-0.506757,,
15.704702,0.067369,-0.327978,0.050274,-10.346868,-10.352187,0.001065,-0.00426,0.001065,98064.45,32.73,-0.527987,,
15.772018,0.067316,-0.361494,0.026334,-10.327716,-10.334074,0.00213,-0.005325,0.003195,98068.59,32.73,-0.509874,,
15.845535,0.073517,-0.306432,0.02394,-10.34208,-10.346646,0.00213,-0.00213,0.001065,98064.45,32.73,-0.522446,,
15.916817,0.071282,-0.378252,0.019152,-10.332504,-10.339443,0.00426,-0.00639,0.00426,98072.74,32.74,-0.515243,,
15.983754,0.066936,-0.296856,0.05985,-10.334898,-10.339334,0.00213,-0.007455,0.003195,98068.59,32.73,-0.515134,,
16.05116,0.067407,-0.325584,0.021546,-10.368414,-10.373547,0.00213,-0.00852,0.001065,98064.45,32.74,-0.549347,,
16.117451,0.06629,-0.342342,0.007182,-10.356444,-10.362103,0.00213,-0.007455,0.003195,98056.17,32.74,-0.537903,,
16.18465,0.0672,-0.349524,0.033516,-10.325322,-10.331291,-0.001065,-0.00426,0.00213,98064.45,32.74,-0.507091,,
16.2519,0.06725,-0.325584,-0.016758,-10.34208,-10.347217,0.001065,-0.01065,0.00426,98060.31,32.74,-0.523017,,
16.318814,0.066913,-0.366282,0.004788,-10.368414,-10.374883,0,-0.005325,0.003195,98068.59,32.73,-0.550683,,
16.385972,0.067158,-0.327978,0.043092,-10.346868,-10.352155,0,-0.00213,0.001065,98068.59,32.73,-0.527955,,
16.453564,0.067592,-0.339948,0.028728,-10.334898,-10.340527,0.003195,-0.00852,0.00426,98060.31,32.74,-0.516327,,
16.521584,0.06802,-0.313614,0.028728,-10.303776,-10.308588,0.00213,-0.00639,0.00426,98068.59,32.73,-0.484388,,
16.5911,0.069516,-0.339948,0.002394,-10.339686,-10.345273,0,-0.005325,0.00426,98060.31,32.73,-0.521073,,
16.661055,0.069955,-0.318402,0.01197,-10.370808,-10.375702,0.001065,-0.003195,0.00426,98056.17,32.74,-0.551502,,
16.738221,0.077166,-0.280098,0.050274,-10.344474,-10.348388,0,-0.005325,0.003195,98060.31,32.73,-0.524188,,
16.811345,0.073123,-0.332766,0.050274,-10.263078,-10.268594,0.00213,-0.003195,0.00213,98056.17,32.73,-0.444394,,
16.878344,0.066999,-0.301644,0.021546,-10.421082,-10.425469,0.001065,-0.01065,0.003195,98052.02,32.73,-0.601269,,
16.946611,0.068267,-0.34713,0.01197,-10.322928,-10.32877,0.001065,-0.001065,0.00213,98060.31,32.73,-0.50457,,
17.013646,0.067035,-0.256158,0.093366,-10.298988,-10.302596,0.003195,-0.007455,0.001065,98052.02,32.73,-0.478396,,
17.080362,0.066716,-0.354312,0.038304,-10.368414,-10.374537,-0.001065,-0.001065,0,98039.6,32.74,-0.550337,,
17.147456,0.067094,-0.38304,-0.031122,-10.351656,-10.358787,0,-0.005325,0.00213,98052.02,32.73,-0.534587,,
17.214612,0.067156,-0.32319,0.038304,-10.344474,-10.349592,0,-0.005325,0.003195,98052.02,32.73,-0.525392,,
17.281468,0.066855,-0.25137,0.033516,-10.279836,-10.282964,0.00213,-0.00852,0.001065,98043.74,32.73,-0.458764,,
17.348487,0.06702,-0.399798,-0.007182,-10.363626,-10.371337,0.003195,-0.007455,0.001065,98047.88,32.73,-0.547137,,
17.415529,0.067042,-0.313614,-0.033516,-10.334898,-10.33971,0.001065,-0.01278,0.00213,98052.02,32.73,-0.51551,,
17.482013,0.066484,-0.22743,0.014364,-10.27026,-10.272788,0.00213,-0.00213,0.00213,98043.74,32.73,-0.448588,,
17.549499,0.067485,-0.256158,0.031122,-10.34208,-10.345299,0,-0.00639,0.00213,98039.6,32.73,-0.521099,,
17.616582,0.067083,-0.421344,0.004788,-10.31814,-10.32674,0.001065,-0.00639,0.00213,98039.6,32.73,-0.50254,,
17.68437,0.067788,-0.361494,0.064638,-10.34208,-10.348598,0.001065,-0.00852,0.005325,98035.45,32.73,-0.524398,,
17.751754,0.067383,-0.258552,0.045486,-10.356444,-10.359771,0.001065,-0.00213,0.00213,98035.45,32.74,-0.535571,,
17.821613,0.069859,-0.409374,0.050274,-10.315746,-10.323988,0.00213,-0.01065,0,98035.45,32.73,-0.499788,,
17.890892,0.069279,-0.375858,0.031122,-10.301382,-10.308284,0,-0.00213,0.003195,98043.74,32.74,-0.484084,,
17.962854,0.071963,-0.270522,0.014364,-10.327716,-10.331268,0.003195,-0.00852,0.00426,98035.45,32.73,-0.507068,,
18.030433,0.067579,-0.373464,0.004788,-10.356444,-10.363177,-0.001065,-0.00213,0.003195,98035.45,32.73,-0.538977,,
18.097703,0.06727,-0.277704,0.040698,-10.327716,-10.331529,0,-0.00213,0.003195,98031.31,32.73,-0.507329,,
18.168504,0.070801,-0.301644,0.052668,-10.346868,-10.351398,0.001065,-0.011715,0.00213,98031.31,32.74,-0.527198,,
18.237605,0.069101,-0.380646,0.067032,-10.358838,-10.366046,0.001065,-0.005325,0.00426,98027.17,32.73,-0.541846,,
18.306575,0.06897,-0.304038,-0.043092,-10.35405,-10.358603,0.001065,-0.003195,0.001065,98035.45,32.73,-0.534403,,
18.377013,0.070438,-0.280098,0.033516,-10.28223,-10.286099,0.00213,-0.003195,0,98023.03,32.73,-0.461899,,
18.444617,0.067604,-0.356706,0.045486,-10.33011,-10.336367,0.00213,-0.00639,0.00213,98018.89,32.73,-0.512167,,
18.511765,0.067148,-0.316008,0.07182,-10.327716,-10.332799,0.00213,-0.00639,0,98023.03,32.73,-0.508599,,
18.578637,0.066872,-0.260946,0,-10.308564,-10.311866,0.001065,-0.00426,0.003195,98018.89,32.73,-0.487666,,
18.645439,0.066801,-0.342342,0.026334,-10.358838,-10.364527,0.003195,-0.003195,0.00213,98027.17,32.73,-0.540327,,
18.712821,0.067382,-0.447678,0.04788,-10.35405,-10.363834,0,-0.005325,0.003195,98010.6,32.73,-0.539634,,
18.779663,0.066842,-0.325584,0.03591,-10.385172,-10.390336,0,-0.00426,0.005325,98018.89,32.74,-0.566136,,
18.8511,0.071437,-0.248976,0.043092,-10.291806,-10.294907,0.001065,-0.00639,0.00213,98018.89,32.73,-0.470707,,
18.92005,0.06895,-0.325584,0.007182,-10.339686,-10.344813,0.00213,-0.005325,-0.00213,98018.89,32.74,-0.520613,,
18.99187,0.07182,-0.320796,-0.014364,-10.380384,-10.38535,0,-0.00852,0.00213,98014.74,32.73,-0.56115,,
19.059336,0.067467,-0.351918,0.026334,-10.361232,-10.36724,0.001065,-0.00426,0.001065,98002.32,32.73,-0.54304,,
19.126277,0.066941,-0.308826,0.09576,-10.31814,-10.323205,0.00213,-0.00426,0.003195,98018.89,32.73,-0.499005,,
19.197643,0.071366,-0.28728,0.04788,-10.308564,-10.312677,0.001065,-0.005325,0.00213,98010.6,32.72,-0.488477,,
19.267772,0.070128,-0.342342,-0.026334,-10.287018,-10.292747,0.001065,-0.009585,0.00639,98010.6,32.73,-0.468547,,
19.338424,0.070652,-0.351918,-0.038304,-10.208016,-10.214152,0.00426,-0.001065,0.005325,98006.46,32.73,-0.389952,,
19.4066,0.068176,-0.282492,0.088578,-10.21041,-10.214701,0.001065,-0.00426,0.003195,98002.32,32.73,-0.390501,,
19.47339,0.066789,-0.363888,0.05985,-10.155348,-10.162042,0.001065,-0.00213,0.005325,98002.32,32.73,-0.337842,,
19.541461,0.068071,-0.320796,-0.002394,-10.119438,-10.124522,-0.001065,-0.005325,0.00426,97994.03,32.73,-0.300322,,
19.608249,0.066788,-0.294462,0.021546,-10.07874,-10.083064,0.003195,-0.005325,0.00213,97998.17,32.74,-0.258864,,
19.675264,0.067015,-0.306432,-0.038304,-10.081134,-10.085863,0.003195,-0.005325,0,97994.03,32.73,-0.261663,,
19.742325,0.067061,-0.34713,-0.002394,-10.014102,-10.020117,0.001065,-0.005325,0.001065,97994.03,32.74,-0.195917,,
19.809157,0.066832,-0.332766,-0.01197,-10.016496,-10.022029,0,-0.00426,0,97994.03,32.72,-0.197829,,
19.876147,0.06699,-0.354312,-0.031122,-9.949464,-9.955819,0.00213,-0.00639,0.00213,97985.75,32.73,-0.131619,,
19.943089,0.066942,-0.34713,0.062244,-9.975798,-9.98203,0,-0.01278,0.003195,97977.46,32.74,-0.15783,,
20.009455,0.066366,-0.29925,0.040698,-9.88722,-9.891831,0.001065,-0.00852,0.005325,97981.6,32.73,-0.067631,,
20.077484,0.068029,-0.284886,0.033516,-9.877644,-9.881808,0.003195,-0.01065,0.001065,97977.46,32.73,-0.057608,,
20.144548,0.067064,-0.29925,0.038304,-9.834552,-9.839178,0,-0.003195,0,97977.46,32.73,-0.014978,,
20.211687,0.067139,-0.344736,-0.007182,-9.789066,-9.795137,-0.001065,-0.00852,0.00213,97969.18,32.73,0.029063,,
20.278737,0.06705,-0.304038,0.057456,-9.77949,-9.784384,0.00213,-0.00639,0.00426,97977.46,32.73,0.039816,,
20.345457,0.06672,-0.205884,0.067032,-9.714852,-9.717265,0.001065,-0.003195,0.003195,97973.32,32.73,0.106935,,
20.412901,0.067444,-0.28728,0.031122,-9.652608,-9.656932,0.00213,-0.00852,0.003195,97969.18,32.73,0.167268,,
20.479932,0.067031,-0.337554,-0.019152,-9.676548,-9.682453,0.003195,-0.005325,0.00213,97977.46,32.73,0.141747,,
20.546854,0.066922,-0.22743,0.038304,-9.602334,-9.605103,0.00213,-0.00426,0.003195,97960.89,32.74,0.219097,,
20.615068,0.068213,-0.28728,0.04788,-9.628668,-9.633072,0.001065,-0.005325,0.001065,97960.89,32.73,0.191128,,
20.682521,0.067453,-0.308826,0.014364,-9.576,-9.580989,0.001065,-0.00852,0,97952.61,32.72,0.243211,,
20.753583,0.071063,-0.325584,0.016758,-9.523332,-9.528911,0.003195,-0.009585,0.001065,97960.89,32.73,0.295289,,
20.826535,0.072952,-0.2394,0.02394,-9.46827,-9.471326,0.00213,-0.005325,0.005325,97965.04,32.73,0.352874,,
20.899894,0.073359,-0.29925,0.026334,-9.43236,-9.437143,-0.00213,-0.001065,0,97952.61,32.72,0.387057,,
20.972624,0.07273,-0.337554,-0.014364,-9.403632,-9.409699,0.001065,-0.005325,-0.001065,97952.61,32.73,0.414501,,
21.040022,0.067399,-0.414162,0.033516,-9.38448,-9.393674,0.001065,-0.00426,0.00426,97952.61,32.73,0.430526,,
21.106866,0.066844,-0.229824,0.069426,-9.382086,-9.385157,0.001065,-0.00213,0.00426,97948.47,32.72,0.439043,,
21.173629,0.066762,-0.280098,0.004788,-9.295902,-9.300122,0.001065,-0.00426,0.001065,97944.32,32.73,0.524078,,
21.241036,0.067407,-0.29925,0.016758,-9.257598,-9.262448,0.003195,-0.00426,0.005325,97940.18,32.72,0.561752,,
21.308038,0.067002,-0.378252,0,-9.338994,-9.346651,0,-0.00426,0.005325,97944.32,32.73,0.477549,,
21.374962,0.066924,-0.198702,0.02394,-9.37251,-9.374647,0,-0.00213,0.00426,97931.9,32.73,0.449553,,
21.441529,0.066567,-0.292068,-0.019152,-9.353358,-9.357937,0.001065,-0.009585,0.00213,97940.18,32.73,0.466263,,
21.508778,0.067249,-0.320796,0.021546,-9.329418,-9.334957,0,-0.005325,0.003195,97936.04,32.72,0.489243,,
21.576104,0.067327,-0.280098,0.021546,-9.358146,-9.362362,0,-0.00426,0.00213,97944.32,32.73,0.461838,,
21.643866,0.067762,-0.3591,-0.007182,-9.3366,-9.343506,0.001065,-0.00639,0.00213,97944.32,32.73,0.480694,,
21.711121,0.067255,-0.27531,0.03591,-9.32463,-9.328762,0.001065,-0.007455,0.00213,97936.04,32.73,0.495438,,
21.777671,0.06655,-0.316008,-0.019152,-9.303084,-9.308469,0.00213,-0.001065,0.00213,97927.75,32.72,0.515731,,
21.844909,0.067237,-0.258552,0.045486,-9.303084,-9.306787,0,-0.007455,0.00213,97931.9,32.73,0.517413,,
21.912165,0.067257,-0.342342,0.004788,-9.365328,-9.371584,-0.001065,-0.005325,0.003195,97923.61,32.73,0.452616,,
21.979064,0.066899,-0.32319,0.031122,-9.26478,-9.270468,0.001065,-0.007455,0.00426,97923.61,32.72,0.553732,,
22.046708,0.067644,-0.282492,0.04788,-9.367722,-9.372103,0.001065,-0.003195,0.00426,97919.47,32.73,0.452097,,
22.116492,0.069784,-0.296856,0.033516,-9.305478,-9.310272,0.001065,-0.005325,0.001065,97931.9,32.72,0.513928,,
22.185573,0.069081,-0.294462,0.009576,-9.377298,-9.381925,0.00213,-0.00426,0.00639,97927.75,32.72,0.442275,,
22.254542,0.06897,-0.292068,0.064638,-9.334206,-9.338998,0.00213,-0.007455,0,97915.33,32.72,0.485202,,
22.324663,0.07012,-0.373464,-0.004788,-9.331812,-9.339283,0.001065,-0.003195,0.00213,97919.47,32.72,0.484917,,
22.392091,0.067428,-0.320796,0.040698,-9.3366,-9.342198,0,-0.003195,0.00426,97923.61,32.73,0.482002,,
22.459378,0.067287,-0.21546,-0.014364,-9.338994,-9.34149,0,-0.005325,0.003195,97915.33,32.73,0.48271,,
22.526592,0.067214,-0.292068,-0.019152,-9.327024,-9.331615,0.001065,-0.00639,0.00213,97915.33,32.72,0.492585,,
22.593542,0.06695,-0.280098,0.021546,-9.322236,-9.326468,0.003195,-0.003195,0.00213,97902.9,32.72,0.497732,,
22.660161,0.066619,-0.280098,0.069426,-9.305478,-9.309951,0,-0.00639,0.00213,97902.9,32.72,0.514249,,
22.727234,0.067073,-0.349524,0.01197,-9.350964,-9.357502,0.00213,-0.00639,0,97911.19,32.73,0.466698,,
22.794642,0.067408,-0.327978,0.069426,-9.334206,-9.340224,0.001065,-0.00426,0.00213,97907.04,32.73,0.483976,,
22.861945,0.067302,-0.280098,0.01197,-9.32463,-9.328844,0.001065,-0.00639,0.00213,97907.04,32.72,0.495356,,
22.929774,0.06783,-0.306432,0.028728,-9.334206,-9.339279,0,-0.00639,0.001065,97911.19,32.72,0.484921,,
22.997378,0.067604,-0.301644,0.016758,-9.307872,-9.312774,0,-0.00213,0.00426,97902.9,32.73,0.511426,,
23.067922,0.070544,-0.294462,-0.007182,-9.367722,-9.372352,0.001065,-0.001065,0.003195,97911.19,32.72,0.451848,,
23.137532,0.06961,-0.332766,-0.009576,-9.271962,-9.277936,0,-0.01065,0.001065,97902.9,32.72,0.546264,,
23.20885,0.071318,-0.34713,0.019152,-9.305478,-9.31197,0.00213,-0.003195,0.003195,97898.76,32.72,0.51223,,
23.276768,0.067918,-0.232218,0.055062,-9.331812,-9.334863,0.003195,-0.00213,0.003195,97902.9,32.73,0.489337,,
23.343861,0.067093,-0.344736,0.045486,-9.32463,-9.331111,0.00213,-0.007455,-0.001065,97898.76,32.72,0.493089,,
23.41037,0.06651,-0.368676,-0.009576,-9.331812,-9.339097,0.001065,-0.003195,0.005325,97894.62,32.72,0.485103,,
23.478045,0.067674,-0.217854,0.031122,-9.291114,-9.29372,0.001065,-0.00426,0.005325,97894.62,32.72,0.53048,,
23.54484,0.066796,-0.213066,0.043092,-9.322236,-9.32477,0.00213,-0.005325,0.001065,97886.33,32.72,0.49943,,
23.611654,0.066814,-0.416556,-0.004788,-9.365328,-9.374589,0.00213,-0.003195,0,97898.76,32.72,0.449611,,
23.678963,0.067308,-0.332766,0.057456,-9.307872,-9.313996,0.00213,-0.00426,0.001065,97894.62,32.72,0.510204,,
23.7462,0.067237,-0.277704,0.026334,-9.322236,-9.326409,0.001065,-0.009585,0.00213,97894.62,32.71,0.497791,,
23.817164,0.070964,-0.256158,0.021546,-9.3366,-9.340138,0.001065,-0.005325,0.00426,97886.33,32.72,0.484062,,
23.887699,0.070536,-0.330372,0.028728,-9.346176,-9.352057,0,-0.007455,0.00213,97890.47,32.72,0.472143,,
23.958453,0.070754,-0.32319,0.052668,-9.315054,-9.320808,0,-0.003195,0.00426,97894.62,32.73,0.503392,,
24.025393,0.066939,-0.272916,0.03591,-9.31266,-9.316727,0.00213,-0.00639,0.00426,97886.33,32.72,0.507473,,
24.09275,0.067358,-0.270522,0,-9.319842,-9.323767,0.003195,-0.005325,0.00213,97886.33,32.72,0.500433,,
24.159481,0.06673,-0.277704,0.033516,-9.31266,-9.31686,0.001065,-0.01065,0,97886.33,32.72,0.50734,,
24.227127,0.067646,-0.337554,0.009576,-9.34857,-9.354667,0.00213,-0.005325,0.00213,97890.47,32.72,0.469533,,
24.297316,0.070189,-0.332766,0.01197,-9.3366,-9.342536,0.001065,-0.005325,0.00213,97894.62,32.72,0.481664,,
24.365255,0.067939,-0.2394,0.021546,-9.317448,-9.320548,-0.001065,-0.005325,0.00213,97886.33,32.72,0.503652,,
24.43883,0.073575,-0.292068,0.02394,-9.370116,-9.374697,0.00213,-0.003195,-0.001065,97878.05,32.72,0.449503,,
24.506504,0.067674,-0.320796,0.050274,-9.319842,-9.325497,0,-0.003195,0.00213,97882.19,32.72,0.498703,,
24.573957,0.067454,-0.330372,0.043092,-9.310266,-9.316225,-0.001065,-0.00426,0.005325,97886.33,32.73,0.507975,,
24.64145,0.067492,-0.258552,0.038304,-9.32463,-9.328293,0.001065,-0.007455,0.00426,97898.76,32.72,0.495907,,
24.708379,0.06693,-0.28728,0.03591,-9.317448,-9.321945,0.00426,-0.005325,0,97894.62,32.72,0.502255,,
24.775159,0.06678,-0.318402,0.02394,-9.34857,-9.354021,0,-0.00426,0.003195,97882.19,32.72,0.470179,,
24.847565,0.072406,-0.289674,0.043092,-9.315054,-9.319657,0.001065,-0.005325,0.005325,97882.19,32.72,0.504543,,
24.920049,0.072484,-0.289674,0.02394,-9.310266,-9.314802,0,-0.005325,0,97878.05,32.72,0.509398,,
24.987755,0.067706,-0.34713,0.045486,-9.329418,-9.335985,-0.001065,-0.00639,0.001065,97886.33,32.72,0.488215,,
25.058971,0.071216,-0.268128,-0.007182,-9.322236,-9.326094,0.001065,-0.00426,0.00426,97882.19,32.72,0.498106,,
25.132552,0.073581,-0.256158,0.021546,-9.350964,-9.354497,0.001065,-0.005325,0.003195,97886.33,32.72,0.469703,,
25.200313,0.067761,-0.325584,0.057456,-9.31266,-9.318527,-0.001065,-0.005325,0.001065,97878.05,32.72,0.505673,,
25.272542,0.072229,-0.327978,0.031122,-9.279144,-9.284991,0.003195,-0.00639,0.00213,97878.05,32.72,0.539209,,
25.349544,0.077002,-0.296856,0.007182,-9.317448,-9.322179,-0.001065,-0.003195,0.00213,97878.05,32.72,0.502021,,
25.422835,0.073291,-0.284886,-0.002394,-9.355752,-9.360089,0.00213,-0.003195,0.001065,97882.19,32.72,0.464111,,
25.491639,0.068804,-0.33516,0.02394,-9.353358,-9.359392,0.003195,-0.00426,0.003195,97886.33,32.72,0.464808,,
25.561681,0.070042,-0.301644,0.033516,-9.295902,-9.300855,0.00213,-0.00639,0.00213,97886.33,32.72,0.523345,,
25.629052,0.067371,-0.292068,0.01197,-9.413208,-9.417746,-0.001065,-0.005325,0.00426,97886.33,32.72,0.406454,,
25.696354,0.067301,-0.32319,0.016758,-9.50418,-9.509688,0.00213,-0.007455,0.00426,97878.05,32.72,0.314512,,
25.763494,0.067141,-0.313614,0,-9.513756,-9.518924,0.00213,-0.005325,0.00426,97873.91,32.72,0.305276,,
25.830563,0.067069,-0.31122,0.01197,-9.48024,-9.485355,0.00213,-0.007455,-0.00213,97878.05,32.72,0.338845,,
25.898332,0.067769,-0.301644,0.01197,-9.554454,-9.559222,0,-0.00639,0.003195,97878.05,32.72,0.264978,,
25.965357,0.067024,-0.29925,0.016758,-9.578394,-9.583082,0.001065,-0.005325,0.00213,97886.33,32.72,0.241118,,
26.03246,0.067104,-0.361494,0.01197,-9.62388,-9.630674,0.00213,-0.00639,0.001065,97886.33,32.72,0.193526,,
26.099764,0.067304,-0.375858,0.074214,-9.678942,-9.686521,0.003195,-0.003195,0.003195,97882.19,32.73,0.137679,,
26.166443,0.066678,-0.201096,0.04788,-9.674154,-9.676362,0,-0.005325,0.001065,97886.33,32.73,0.147838,,
26.23348,0.067037,-0.339948,-0.014364,-9.678942,-9.684921,0.00213,-0.00852,0.001065,97878.05,32.72,0.139279,,
26.304356,0.070876,-0.397404,0.086184,-9.757944,-9.766413,0.001065,-0.005325,0.003195,97878.05,32.72,0.057787,,
26.374253,0.069898,-0.2394,0.098154,-9.808218,-9.81163,0.001065,-0.005325,0.003195,97886.33,32.72,0.01257,,
26.441636,0.067382,-0.253764,-0.04788,-9.789066,-9.792472,0.00426,-0.003195,-0.001065,97869.76,32.73,0.031728,,
26.512576,0.070941,-0.399798,-0.021546,-9.844128,-9.852267,0.001065,-0.00852,0.003195,97886.33,32.72,-0.028067,,
26.586755,0.074179,-0.354312,0.050274,-9.856098,-9.862593,0.00213,-0.00426,0.001065,97882.19,32.72,-0.038393,,
26.653993,0.067238,-0.256158,0.074214,-9.801036,-9.804664,0.00213,-0.00639,0.00426,97869.76,32.72,0.019536,,
26.720877,0.066884,-0.292068,-0.014364,-9.79146,-9.795826,0,-0.007455,0.001065,97878.05,32.72,0.028374,,
26.788026,0.067149,-0.392616,-0.014364,-9.83934,-9.847181,0,-0.003195,0.001065,97886.33,32.72,-0.022981,,
26.855129,0.067103,-0.33516,0.045486,-9.88722,-9.893004,0.001065,-0.00426,0.003195,97890.47,32.72,-0.068804,,
26.922022,0.066892,-0.2394,0.067032,-9.813006,-9.816155,0.001065,-0.00213,0,97886.33,32.72,0.008045,,
26.989405,0.067383,-0.308826,-0.002394,-9.813006,-9.817865,0,-0.00639,0,97882.19,32.72,0.006335,,
27.056914,0.067509,-0.411768,-0.019152,-9.810612,-9.819268,-0.001065,-0.005325,0.003195,97890.47,32.72,0.004932,,
27.124488,0.067574,-0.32319,0.026334,-9.841734,-9.847074,0.00213,-0.005325,0.00213,97882.19,32.72,-0.022874,,
27.191167,0.066679,-0.294462,0.05985,-9.85131,-9.855892,0.00426,-0.00852,0.003195,97882.19,32.72,-0.031692,,
27.258021,0.066854,-0.344736,0.009576,-9.832158,-9.838204,-0.001065,-0.001065,-0.00213,97873.91,32.71,-0.014004,,
27.324927,0.066906,-0.378252,-0.004788,-9.822582,-9.829863,0.001065,-0.007455,0.00213,97886.33,32.72,-0.005663,,
27.39212,0.067193,-0.282492,0.002394,-9.786672,-9.790749,0.001065,-0.003195,0.00426,97886.33,32.72,0.033451,,
27.460111,0.067991,-0.306432,0.043092,-9.82737,-9.832241,0,-0.005325,0.003195,97878.05,32.72,-0.008041,,
27.530624,0.070513,-0.316008,0.016758,-9.85131,-9.856391,0.005325,-0.007455,0.00213,97878.05,32.71,-0.032191,,
27.604316,0.073692,-0.354312,0.009576,-9.856098,-9.862469,0.003195,-0.00213,0.00213,97890.47,32.72,-0.038269,,
27.672142,0.067826,-0.294462,0.004788,-9.836946,-9.841353,0.001065,-0.00639,0.005325,97882.19,32.71,-0.017153,,
27.740018,0.067876,-0.31122,0.026334,-9.817794,-9.822761,0.001065,-0.007455,0.00213,97869.76,32.71,0.001439,,
27.809721,0.069702,-0.253764,-0.007182,-9.868068,-9.871333,0.00426,-0.007455,0.00213,97878.05,32.72,-0.047133,,
27.880068,0.070347,-0.33516,0.014364,-9.884826,-9.890517,0.001065,-0.00639,0.003195,97886.33,32.71,-0.066317,,
27.950988,0.07092,-0.327978,0.057456,-9.777096,-9.782764,0.001065,-0.00426,0.003195,97878.05,32.72,0.041436,,
28.019086,0.068098,-0.313614,0.045486,-9.774702,-9.779838,0,-0.001065,0.001065,97882.19,32.72,0.044362,,
28.088992,0.069906,-0.34713,-0.016758,-9.944676,-9.950747,0.001065,-0.00639,0.003195,97882.19,32.72,-0.126547,,
28.156491,0.0675,-0.327978,-0.002394,-9.83934,-9.844805,0.003195,-0.005325,0.001065,97886.33,32.72,-0.020605,,
28.22663,0.070139,-0.308826,0.031122,-9.748368,-9.753308,0.001065,-0.00639,0.003195,97878.05,32.72,0.070892,,
28.299251,0.07262,-0.332766,0.057456,-9.846522,-9.852311,0.001065,-0.00639,0.00426,97878.05,32.71,-0.028111,,
28.368811,0.06956,-0.29925,0.043092,-9.896796,-9.901413,0.003195,-0.00426,0.003195,97886.33,32.72,-0.077213,,
28.43872,0.069909,-0.325584,0.009576,-9.784278,-9.789698,0.001065,-0.00639,0.00213,97878.05,32.71,0.034502,,
28.511008,0.072288,-0.339948,0.004788,-9.789066,-9.794968,0.001065,-0.00426,0.003195,97890.47,32.72,0.029232,,
28.578734,0.067726,-0.28728,0.01197,-9.930312,-9.934474,0.001065,-0.003195,0.003195,97890.47,32.72,-0.110274,,
28.645537,0.066802,-0.141246,0.043092,-9.892008,-9.89311,0.00213,-0.001065,0.003195,97878.05,32.72,-0.06891,,
28.712108,0.066571,-0.452466,0,-9.657396,-9.66799,0.00213,-0.00426,0.00213,97878.05,32.72,0.15621,,
28.779692,0.067584,-0.49077,-0.04788,-9.68373,-9.696276,0.00213,-0.003195,0.005325,97886.33,32.71,0.127924,,
28.846466,0.066774,-0.241794,0.050274,-9.97101,-9.974068,0.001065,-0.00426,0.00639,97886.33,32.72,-0.149868,,
28.913462,0.066995,-0.205884,0.114912,-9.942282,-9.945077,0.00213,-0.005325,0.001065,97882.19,32.72,-0.120877,,
28.980216,0.066754,-0.349524,0.021546,-9.734004,-9.740301,0,-0.007455,-0.001065,97882.19,32.72,0.083899,,
29.047875,0.06766,-0.404586,-0.074214,-9.712458,-9.721164,0.00213,-0.007455,0.00426,97882.19,32.72,0.103036,,
29.115151,0.067276,-0.34713,-0.002394,-9.927918,-9.933985,0.001065,-0.00426,0.003195,97882.19,32.72,-0.109785,,
29.182451,0.067299,-0.21546,0.09576,-9.913554,-9.916357,0.00213,-0.005325,0.00213,97882.19,32.72,-0.092157,,
29.252406,0.069956,-0.33516,0.062244,-9.757944,-9.763897,0.00213,-0.007455,0.001065,97882.19,32.72,0.060303,,
29.321286,0.06888,-0.426132,-0.01197,-9.824976,-9.83422,-0.001065,-0.003195,0,97882.19,32.72,-0.01002,,
29.392373,0.071086,-0.32319,-0.052668,-9.889614,-9.895034,0.001065,-0.007455,0.001065,97882.19,32.72,-0.070834,,
29.461177,0.068804,-0.232218,0.062244,-9.798642,-9.801591,0,-0.00639,0.003195,97886.33,32.7,0.022609,,
29.528592,0.067415,-0.318402,0.05985,-9.810612,-9.81596,-0.001065,-0.00426,0.001065,97886.33,32.71,0.00824,,
29.595663,0.067071,-0.438102,-0.016758,-9.880038,-9.889761,-0.00213,-0.00639,0.001065,97878.05,32.72,-0.065561,,
29.66273,0.067067,-0.327978,0.019152,-9.877644,-9.883106,0.001065,-0.003195,0.00213,97882.19,32.71,-0.058906,,
29.72947,0.06674,-0.198702,0.055062,-9.808218,-9.810385,-0.001065,-0.00426,0.00213,97878.05,32.71,0.013815,,
29.797147,0.067677,-0.327978,-0.004788,-9.77949,-9.784989,0.001065,-0.005325,0.003195,97878.05,32.72,0.039211,,
29.864483,0.067336,-0.356706,-0.004788,-9.870462,-9.876907,0.003195,-0.00639,-0.001065,97882.19,32.72,-0.052707,,
29.932072,0.067589,-0.344736,0.021546,-9.85131,-9.857364,0.00213,-0.00639,0.003195,97890.47,32.71,-0.033164,,
29.99918,0.067108,-0.248976,0.076608,-9.813006,-9.816463,0.001065,-0.00639,0.003195,97886.33,32.72,0.007737,,
30.065787,0.066607,-0.301644,0.07182,-9.805824,-9.810725,-0.001065,-0.00852,0.001065,97882.19,32.72,0.013475,,
30.132773,0.066986,-0.387828,0.019152,-9.860886,-9.868528,0.003195,-0.007455,0.005325,97873.91,32.72,-0.044328,,
30.200287,0.067514,-0.344736,0.01197,-9.817794,-9.823852,0.00213,-0.005325,0.003195,97886.33,32.71,0.000348,,
30.266858,0.066571,-0.26334,0.045486,-9.846522,-9.850148,0.00213,-0.00639,0.005325,97882.19,32.72,-0.025948,,
30.333925,0.067067,-0.296856,0.045486,-9.853704,-9.85828,0.001065,-0.00426,0.001065,97886.33,32.72,-0.03408,,
30.401597,0.067672,-0.363888,0.026334,-9.836946,-9.843709,0,-0.005325,0.00426,97886.33,32.72,-0.019509,,
30.468949,0.067352,-0.32319,0.019152,-9.79146,-9.796811,0,-0.005325,0.00213,97878.05,32.71,0.027389,,
30.536142,0.067193,-0.260946,-0.014364,-9.841734,-9.845203,0.00213,-0.00213,0.00213,97882.19,32.72,-0.021003,,
30.605483,0.069341,-0.306432,0.019152,-9.86328,-9.868058,0.00213,-0.005325,0.00426,97890.47,32.72,-0.043858,,
30.676946,0.071463,-0.390222,0.033516,-9.856098,-9.863877,0.001065,-0.00639,0.003195,97886.33,32.71,-0.039677,,
30.747348,0.070402,-0.313614,0.014364,-9.77949,-9.784528,0,-0.005325,0.00426,97873.91,32.72,0.039672,,
30.817721,0.070373,-0.282492,0.007182,-9.848916,-9.852969,-0.001065,-0.005325,0.001065,97886.33,32.71,-0.028769,,
30.884571,0.06685,-0.325584,0.002394,-9.83934,-9.844726,-0.001065,-0.003195,0.001065,97886.33,32.71,-0.020526,,
30.952765,0.068194,-0.368676,-0.014364,-9.808218,-9.815155,0.001065,-0.003195,0.003195,97878.05,32.71,0.009045,,
31.020311,0.067546,-0.284886,0.045486,-9.79146,-9.795709,0.001065,-0.005325,0.00639,97886.33,32.71,0.028491,,
31.087957,0.067646,-0.289674,0.045486,-9.836946,-9.841315,-0.00213,-0.003195,0.001065,97894.62,32.71,-0.017115,,
31.15482,0.066863,-0.375858,-0.009576,-9.832158,-9.839344,-0.001065,-0.00639,0.00426,97873.91,32.72,-0.015144,,
31.221526,0.066706,-0.3591,-0.014364,-9.824976,-9.831547,0.00213,-0.00426,0.001065,97890.47,32.71,-0.007347,,
31.288844,0.067319,-0.294462,0.019152,-9.820188,-9.82462,0.001065,-0.00426,0.00426,97890.47,32.72,-0.00042,,
31.355422,0.066577,-0.327978,0.033516,-9.836946,-9.842469,0.001065,-0.00639,0.003195,97890.47,32.72,-0.018269,,
31.423127,0.067706,-0.325584,0.038304,-9.836946,-9.842407,0.001065,-0.00426,0.001065,97878.05,32.72,-0.018207,,
31.490899,0.067772,-0.32319,0.014364,-9.810612,-9.815944,0.001065,-0.00639,0.00426,97878.05,32.71,0.008256,,
31.557803,0.066904,-0.316008,0.02394,-9.822582,-9.827693,0,-0.005325,0.003195,97894.62,32.72,-0.003493,,
31.624781,0.066977,-0.294462,0.009576,-9.87525,-9.879644,0,-0.00426,0.00426,97878.05,32.72,-0.055444,,
31.693631,0.06885,-0.318402,0,-9.829764,-9.834919,0.001065,-0.00213,0.001065,97878.05,32.72,-0.010719,,
31.765398,0.071767,-0.337554,0.019152,-9.808218,-9.814044,0,-0.007455,0.003195,97890.47,32.72,0.010156,,
31.832719,0.067321,-0.306432,0.021546,-9.829764,-9.834563,0.00213,-0.00852,0.00213,97886.33,32.71,-0.010363,,
31.903858,0.071139,-0.270522,0.031122,-9.83934,-9.843107,0.003195,-0.00852,0.00639,97878.05,32.72,-0.018907,,
31.974159,0.070301,-0.325584,0.016758,-9.844128,-9.849525,0.001065,-0.005325,0.00426,97882.19,32.71,-0.025325,,
32.044593,0.070434,-0.280098,0.019152,-9.848916,-9.852917,0.00213,-0.003195,0.00213,97890.47,32.72,-0.028717,,
32.111866,0.067273,-0.332766,0.009576,-9.796248,-9.801903,0.00213,-0.00426,0,97890.47,32.71,0.022297,,
32.178981,0.067115,-0.332766,-0.007182,-9.829764,-9.835398,0.001065,-0.00852,0.003195,97886.33,32.72,-0.011198,,
32.24654,0.067558,-0.327978,0.002394,-9.836946,-9.842412,-0.001065,-0.00426,0.001065,97878.05,32.72,-0.018212,,
32.313487,0.066947,-0.28728,0.031122,-9.824976,-9.829224,0,-0.005325,0.00213,97878.05,32.71,-0.005024,,
32.379996,0.066509,-0.28728,0.016758,-9.817794,-9.82201,0.001065,-0.00639,0.00426,97878.05,32.72,0.00219,,
32.447398,0.067402,-0.337554,0.028728,-9.836946,-9.842778,0.003195,-0.00639,0,97878.05,32.72,-0.018578,,
32.514458,0.067059,-0.318402,0.019152,-9.832158,-9.837331,0,-0.005325,0.00213,97890.47,32.71,-0.013131,,
32.581708,0.067251,-0.316008,0.043092,-9.841734,-9.8469,0.003195,-0.00639,0.00213,97882.19,32.72,-0.0227,,
32.648628,0.06692,-0.31122,0.038304,-9.829764,-9.834764,0.001065,-0.00426,0.001065,97886.33,32.71,-0.010564,,
32.715788,0.06716,-0.32319,0.002394,-9.841734,-9.847039,0.00213,-0.007455,0.00426,97882.19,32.71,-0.022839,,
32.783036,0.067248,-0.344736,0.019152,-9.860886,-9.866929,0,-0.005325,0.001065,97882.19,32.72,-0.042729,,
32.84946,0.066424,-0.268128,0.02394,-9.8154,-9.819091,0.001065,-0.005325,0.00213,97886.33,32.72,0.005109,,
32.917042,0.067582,-0.34713,0.014364,-9.820188,-9.826332,0.001065,-0.005325,0.00426,97886.33,32.72,-0.002132,,
32.984514,0.067472,-0.272916,0.031122,-9.82737,-9.831208,0.00213,-0.007455,0.00213,97886.33,32.72,-0.007008,,
33.051574,0.06706,-0.332766,0.016758,-9.841734,-9.847372,0.00426,-0.007455,0.003195,97878.05,32.72,-0.023172,,
33.118311,0.066736,-0.33516,0.01197,-9.817794,-9.82352,0.00426,-0.005325,0.00213,97890.47,32.71,0.00068,,
33.18659,0.068279,-0.301644,0.033516,-9.85131,-9.855984,-0.001065,-0.00426,0.003195,97878.05,32.72,-0.031784,,
33.253527,0.066937,-0.304038,0.031122,-9.844128,-9.848871,0,-0.003195,0.00213,97878.05,32.72,-0.024671,,
33.326025,0.072498,-0.342342,0.021546,-9.829764,-9.835747,0.003195,-0.009585,0.003195,97890.47,32.72,-0.011547,,
33.39823,0.072205,-0.318402,0.016758,-9.810612,-9.815792,0,-0.007455,0.005325,97886.33,32.71,0.008408,,
33.465282,0.067052,-0.301644,0.016758,-9.85131,-9.855941,0.001065,-0.00639,0.001065,97878.05,32.7,-0.031741,,
33.5359,0.070618,-0.29925,0.026334,-9.860886,-9.865461,0.00213,-0.00426,0.00213,97890.47,32.72,-0.041261,,
33.610202,0.074302,-0.304038,0.031122,-9.824976,-9.829728,0.00426,-0.005325,0.005325,97886.33,32.71,-0.005528,,
33.677996,0.067794,-0.260946,0.040698,-9.810612,-9.814166,0.001065,-0.00639,0.00213,97886.33,32.71,0.010034,,
33.748452,0.070456,-0.363888,0.016758,-9.841734,-9.848473,0.00213,-0.00639,0.001065,97886.33,32.72,-0.024273,,
33.819393,0.070941,-0.327978,0.028728,-9.865674,-9.871166,0,-0.00426,0.003195,97886.33,32.71,-0.046966,,
33.889563,0.070171,-0.29925,0.03591,-9.82737,-9.831991,0.00213,-0.00639,0.005325,97890.47,32.71,-0.007791,,
33.957728,0.068165,-0.318402,0,-9.805824,-9.810992,0.003195,-0.003195,0.00213,97886.33,32.71,0.013208,,
34.024962,0.067234,-0.306432,0.021546,-9.844128,-9.84892,0,-0.00426,0.00426,97882.19,32.71,-0.02472,,
34.092047,0.067085,-0.296856,0.026334,-9.829764,-9.834281,0.00213,-0.005325,0.00213,97890.47,32.71,-0.010081,,
34.158721,0.066674,-0.354312,0.038304,-9.80343,-9.809905,0.003195,-0.00639,0.00213,97894.62,32.71,0.014295,,
34.226287,0.067566,-0.304038,0.057456,-9.83934,-9.844204,0,-0.001065,0.00213,97886.33,32.71,-0.020004,,
34.292661,0.066374,-0.318402,0.021546,-9.836946,-9.842121,0.001065,-0.003195,0.001065,97882.19,32.72,-0.017921,,
34.359669,0.067008,-0.304038,-0.02394,-9.841734,-9.846458,0.001065,-0.00639,0.003195,97890.47,32.72,-0.022258,,
34.427048,0.067379,-0.294462,0.007182,-9.822582,-9.826997,0.00213,-0.005325,0.001065,97882.19,32.71,-0.002797,,
34.498323,0.071275,-0.308826,0.03591,-9.836946,-9.841858,0,-0.007455,0.00426,97890.47,32.7,-0.017658,,
34.56813,0.069808,-0.327978,0.014364,-9.805824,-9.811318,0,-0.007455,0.003195,97886.33,32.71,0.012882,,
34.639633,0.071503,-0.366282,0.033516,-9.83934,-9.846212,0.00213,-0.005325,0.00426,97878.05,32.7,-0.022012,,
34.706525,0.066892,-0.26334,-0.014364,-9.832158,-9.835694,0,-0.003195,0.001065,97878.05,32.71,-0.011494,,
34.773633,0.067108,-0.342342,0.016758,-9.829764,-9.835738,0.001065,-0.005325,0.00213,97886.33,32.71,-0.011538,,
34.840812,0.067179,-0.304038,0.045486,-9.85131,-9.856106,0.001065,-0.005325,0.003195,97882.19,32.71,-0.031906,,
34.908164,0.067352,-0.294462,-0.028728,-9.836946,-9.841394,0.00213,-0.007455,0.00426,97890.47,32.71,-0.017194,,
34.975084,0.06692,-0.292068,0.009576,-9.822582,-9.826928,0.003195,-0.007455,0.00213,97898.76,32.71,-0.002728,,
35.04213,0.067046,-0.313614,0.009576,-9.829764,-9.83477,0.003195,-0.00426,0.001065,97882.19,32.71,-0.01057,,
35.109465,0.067336,-0.318402,0.043092,-9.858492,-9.863727,-0.001065,-0.005325,0,97882.19,32.71,-0.039527,,
35.176393,0.066928,-0.256158,0.050274,-9.85131,-9.854768,0.00213,-0.005325,0.003195,97890.47,32.71,-0.030568,,
35.243639,0.067246,-0.316008,0.021546,-9.832158,-9.837259,0.001065,-0.007455,0.003195,97890.47,32.72,-0.013059,,
35.310904,0.067265,-0.337554,0.007182,-9.834552,-9.840346,0.001065,-0.005325,0,97882.19,32.71,-0.016146,,
35.377511,0.066607,-0.344736,0,-9.8154,-9.821452,0,-0.00213,0.003195,97882.19,32.71,0.002748,,
35.445208,0.067698,-0.301644,0.014364,-9.832158,-9.836795,0.001065,-0.00639,0.003195,97878.05,32.71,-0.012595,,
35.512777,0.067569,-0.304038,0.03591,-9.813006,-9.817781,0,-0.005325,0.00426,97882.19,32.71,0.006419,,
35.580099,0.067322,-0.327978,0.014364,-9.824976,-9.830459,-0.001065,-0.00213,0.00213,97878.05,32.71,-0.006259,,
35.647256,0.067158,-0.342342,-0.021546,-9.8154,-9.821392,0.003195,-0.007455,0.001065,97886.33,32.71,0.002808,,
35.71759,0.070334,-0.320796,-0.01197,-9.813006,-9.818255,0,-0.00426,0.001065,97886.33,32.71,0.005945,,
35.787222,0.069632,-0.304038,0.033516,-9.83934,-9.844093,-0.001065,-0.001065,0.003195,97886.33,32.71,-0.019893,,
35.863283,0.076061,-0.342342,0.050274,-9.784278,-9.790394,0.001065,-0.001065,0.003195,97882.19,32.72,0.033806,,
35.936954,0.073671,-0.31122,0.014364,-9.882432,-9.887342,0.001065,-0.005325,0.001065,97886.33,32.72,-0.063142,,
36.005169,0.068215,-0.320796,-0.002394,-9.903978,-9.909172,0.00213,-0.00426,0.003195,97890.47,32.71,-0.084972,,
36.072111,0.066942,-0.337554,0.014364,-9.868068,-9.87385,0.001065,-0.001065,0,97882.19,32.7,-0.04965,,
36.142003,0.069892,-0.32319,0.02394,-9.868068,-9.873388,0,-0.00639,0.003195,97886.33,32.71,-0.049188,,
36.213011,0.071009,-0.292068,0.014364,-9.913554,-9.917866,0.003195,-0.00639,0.003195,97882.19,32.7,-0.093666,,
36.288144,0.075133,-0.332766,0,-9.985374,-9.990917,0.001065,-0.005325,0,97886.33,32.71,-0.166717,,
36.358217,0.070073,-0.316008,-0.016758,-10.045224,-10.050207,0.001065,-0.005325,0.00426,97886.33,32.71,-0.226007,,
36.428998,0.070781,-0.337554,0,-10.07874,-10.084391,0,-0.00426,0.003195,97886.33,32.71,-0.260191,,
36.496704,0.067706,-0.330372,0.031122,-10.133802,-10.139234,-0.001065,-0.00639,0.001065,97890.47,32.7,-0.315034,,
36.564194,0.06749,-0.304038,0.02394,-10.121832,-10.126426,0,-0.003195,0.001065,97882.19,32.71,-0.302226,,
36.631149,0.066955,-0.316008,0.01197,-10.136196,-10.141128,0,-0.005325,0.00426,97882.19,32.71,-0.316928,,
36.697462,0.066313,-0.292068,0.026334,-10.184076,-10.188297,0.001065,-0.00426,0.003195,97882.19,32.7,-0.364097,,
36.764845,0.067384,-0.306432,0.016758,-10.21041,-10.215021,0.003195,-0.003195,0.003195,97878.05,32.71,-0.390821,,
36.832249,0.067404,-0.32319,0.004788,-10.260684,-10.265774,0.003195,-0.00426,0,97882.19,32.71,-0.441574,,
36.899519,0.067269,-0.301644,0.03591,-10.28223,-10.286716,0.001065,-0.005325,0.003195,97886.33,32.7,-0.462516,,
36.966426,0.066907,-0.292068,0.031122,-10.351656,-10.355822,0,-0.007455,0.00213,97886.33,32.71,-0.531622,,
37.033457,0.067031,-0.363888,0.03591,-10.339686,-10.34615,0.00213,-0.00426,0.00213,97869.76,32.71,-0.52195,,
37.100224,0.066766,-0.354312,0.019152,-10.346868,-10.35295,0.003195,-0.00639,0.00213,97882.19,32.71,-0.52875,,
37.167918,0.067694,-0.327978,0.033516,-10.33011,-10.33537,0.00213,-0.007455,0.003195,97882.19,32.71,-0.51117,,
37.235347,0.067429,-0.344736,0.026334,-10.33011,-10.335894,0,-0.00852,-0.001065,97882.19,32.71,-0.511694,,
37.305428,0.070081,-0.373464,0.031122,-10.344474,-10.35126,0.001065,-0.005325,0.00213,97886.33,32.7,-0.52706,,
37.374937,0.069509,-0.339948,0.014364,-10.325322,-10.330927,0.001065,-0.00426,0.001065,97882.19,32.71,-0.506727,,
37.446287,0.07135,-0.31122,0.03591,-10.313352,-10.318109,0.00213,-0.005325,0.00426,97878.05,32.71,-0.493909,,
37.514654,0.068367,-0.34713,0.028728,-10.356444,-10.3623,0.001065,-0.00213,0.001065,97878.05,32.71,-0.5381,,
37.582349,0.067696,-0.37107,-0.01197,-10.344474,-10.351134,0.00426,-0.00639,0.003195,97886.33,32.71,-0.526934,,
37.652114,0.069765,-0.327978,0.031122,-10.34208,-10.347326,0,-0.003195,0,97873.91,32.71,-0.523126,,
37.721564,0.06945,-0.354312,0.040698,-10.34208,-10.348227,-0.00213,-0.00213,0.00426,97882.19,32.7,-0.524027,,
37.793609,0.072045,-0.37107,0.028728,-10.325322,-10.332028,0.003195,-0.005325,0.00213,97878.05,32.7,-0.507828,,
37.861974,0.068365,-0.327978,0.043092,-10.349262,-10.354547,0,-0.005325,0.003195,97873.91,32.7,-0.530347,,
37.931495,0.069521,-0.354312,0.038304,-10.33011,-10.336255,0,-0.00639,0.001065,97882.19,32.72,-0.512055,,
38.002523,0.071028,-0.332766,0.009576,-10.322928,-10.328295,-0.001065,-0.00639,0.00426,97873.91,32.7,-0.504095,,
38.073438,0.070916,-0.351918,0.002394,-10.310958,-10.316962,0.001065,-0.00639,0.00213,97878.05,32.71,-0.492762,,
38.141517,0.068078,-0.368676,0.03591,-10.334898,-10.341534,0.001065,-0.00426,0.003195,97878.05,32.7,-0.517334,,
38.211103,0.069586,-0.33516,0.02394,-10.334898,-10.340359,0.00426,-0.005325,0.005325,97878.05,32.71,-0.516159,,
38.278723,0.06762,-0.282492,0.009576,-10.337292,-10.341156,-0.001065,-0.00639,0.003195,97878.05,32.71,-0.516956,,
38.347928,0.069205,-0.378252,0.040698,-10.339686,-10.346682,0.00213,-0.00639,0.001065,97865.62,32.7,-0.522482,,
38.41956,0.071632,-0.320796,0.03591,-10.363626,-10.368652,0,-0.003195,0.00426,97873.91,32.7,-0.544452,,
38.486602,0.067042,-0.325584,0.038304,-10.34208,-10.347275,0.00213,-0.00426,0.003195,97869.76,32.7,-0.523075,,
38.55356,0.066957,-0.354312,0.019152,-10.265472,-10.271603,0.00213,-0.00426,0.001065,97869.76,32.71,-0.447403,,
38.621212,0.067653,-0.3591,0.021546,-10.217592,-10.223923,0.00213,-0.005325,0.00426,97869.76,32.71,-0.399723,,
38.688534,0.067322,-0.289674,0.016758,-10.200834,-10.20496,0,-0.005325,0.003195,97882.19,32.7,-0.38076,,
38.755618,0.067084,-0.32319,0.016758,-10.157742,-10.162896,-0.00213,-0.00213,0.00213,97865.62,32.71,-0.338696,,
38.826575,0.070957,-0.366282,0.019152,-10.061982,-10.068665,0.00213,-0.00426,0.003195,97873.91,32.7,-0.244465,,
38.897262,0.070687,-0.349524,0.04788,-10.085922,-10.09209,0,-0.00426,0.003195,97873.91,32.7,-0.26789,,
38.967598,0.070336,-0.29925,0.014364,-10.052406,-10.056869,0.003195,-0.007455,0.00213,97853.19,32.7,-0.232669,,
39.035399,0.067801,-0.337554,0,-10.04283,-10.048501,0.001065,-0.00426,0.001065,97853.19,32.7,-0.224301,,
39.102619,0.06722,-0.351918,-0.016758,-9.99495,-10.001158,0.001065,-0.00213,0.003195,97857.34,32.7,-0.176958,,
39.169435,0.066815,-0.29925,0.007182,-9.975798,-9.980288,0.00213,-0.00426,0.003195,97861.48,32.7,-0.156088,,
39.236257,0.066822,-0.296856,0.067032,-9.915948,-9.920617,0.003195,-0.003195,0.001065,97857.34,32.7,-0.096417,,
39.303694,0.067437,-0.272916,0.04788,-9.930312,-9.934177,0,-0.003195,0.00213,97869.76,32.7,-0.109977,,
39.370599,0.066905,-0.366282,0,-9.870462,-9.877256,0.001065,-0.011715,0.00213,97849.05,32.7,-0.053056,,
39.43793,0.067331,-0.327978,0.03591,-9.813006,-9.818551,0,-0.00426,0.00426,97849.05,32.7,0.005649,,
39.505293,0.067363,-0.256158,0.043092,-9.789066,-9.792512,0.00426,-0.009585,0.00426,97869.76,32.7,0.031688,,
39.572205,0.066912,-0.337554,0.028728,-9.757944,-9.763823,0.001065,-0.007455,0,97861.48,32.7,0.060377,,
39.63971,0.067504,-0.318402,-0.007182,-9.757944,-9.76314,0.003195,-0.003195,0.00213,97865.62,32.71,0.06106,,
39.70727,0.06756,-0.304038,0.01197,-9.698094,-9.702866,0.003195,-0.005325,0.00213,97853.19,32.71,0.121334,,
39.773439,0.066169,-0.294462,0,-9.662184,-9.66667,0,-0.005325,0.00213,97849.05,32.7,0.15753,,
39.840696,0.067258,-0.294462,-0.009576,-9.64782,-9.652317,-0.001065,-0.00639,0.00213,97853.19,32.7,0.171883,,
39.907935,0.067239,-0.342342,0,-9.583182,-9.589295,-0.001065,-0.009585,0.001065,97865.62,32.7,0.234905,,
39.974929,0.066994,-0.284886,0.031122,-9.556848,-9.561144,0.001065,-0.00426,0.001065,97836.63,32.7,0.263056,,
40.042469,0.06754,-0.248976,0.038304,-9.56403,-9.567347,0.001065,-0.007455,0.00213,97853.19,32.7,0.256853,,
40.109069,0.0666,-0.351918,0.033516,-9.506574,-9.513145,0.001065,-0.007455,0.00213,97853.19,32.69,0.311055,,
40.175976,0.066907,-0.265734,0.021546,-9.453906,-9.457664,0.00213,-0.005325,0.003195,97844.91,32.71,0.366536,,
40.243516,0.06754,-0.330372,0.031122,-9.415602,-9.421448,0.001065,-0.00639,0.00213,97844.91,32.7,0.402752,,
40.310495,0.066979,-0.363888,0.002394,-9.422784,-9.429808,0.001065,-0.005325,0.00213,97853.19,32.7,0.394392,,
40.377384,0.066889,-0.308826,-0.004788,-9.322236,-9.327351,0,-0.003195,0.00213,97840.77,32.71,0.496849,,
40.444585,0.067201,-0.308826,0.002394,-9.315054,-9.320172,0.001065,-0.00426,0.003195,97844.91,32.7,0.504028,,
40.511859,0.067274,-0.26334,0.040698,-9.315054,-9.318864,0.001065,-0.007455,0.00426,97844.91,32.7,0.505336,,
40.578903,0.067044,-0.339948,0.04788,-9.36054,-9.366833,0.00213,-0.00639,0.001065,97853.19,32.7,0.457367,,
40.646251,0.067348,-0.27531,0.007182,-9.310266,-9.314338,0.003195,-0.003195,0.00426,97849.05,32.7,0.509862,,
40.714095,0.067843,-0.344736,-0.019152,-9.358146,-9.364513,0.001065,-0.01065,0.00213,97853.19,32.7,0.459687,,
40.781258,0.067163,-0.280098,0.016758,-9.3366,-9.340816,0.003195,-0.003195,0.005325,97844.91,32.7,0.483384,,
40.848096,0.066838,-0.292068,-0.02394,-9.346176,-9.350769,0.001065,-0.00426,0.00213,97844.91,32.7,0.473431,,
40.915076,0.06698,-0.33516,0.043092,-9.31266,-9.318789,0.001065,-0.007455,0.001065,97840.77,32.71,0.505411,,
40.981458,0.066382,-0.296856,0.057456,-9.341388,-9.34628,0.00213,-0.00639,0.00213,97840.77,32.7,0.47792,,
41.04819,0.066732,-0.256158,0,-9.350964,-9.354472,0.00213,-0.00639,0,97836.63,32.7,0.469728,,
41.115211,0.067021,-0.301644,-0.01197,-9.32463,-9.329515,0.00213,-0.005325,0.00426,97836.63,32.7,0.494685,,
41.182562,0.06735,-0.284886,0.045486,-9.303084,-9.307556,0,-0.00213,0.00426,97836.63,32.7,0.516644,,
41.250669,0.068107,-0.26334,0.04788,-9.307872,-9.31172,0.00213,-0.00639,0.00213,97828.34,32.7,0.51248,,
41.320496,0.069827,-0.304038,0.062244,-9.341388,-9.346542,0.003195,-0.003195,0.00213,97836.63,32.7,0.477658,,
41.389781,0.069286,-0.32319,0.026334,-9.327024,-9.332659,0.001065,-0.007455,0.00213,97832.48,32.7,0.491541,,
41.458441,0.06866,-0.306432,0.016758,-9.303084,-9.308144,0.00213,0.001065,0.001065,97836.63,32.7,0.516056,,
41.528532,0.070091,-0.280098,0.05985,-9.327024,-9.331421,0,-0.007455,0.00213,97828.34,32.68,0.492779,,
41.595786,0.067254,-0.289674,0.016758,-9.334206,-9.338715,0.00213,-0.00426,0,97828.34,32.7,0.485485,,
41.663723,0.067937,-0.363888,0.02394,-9.341388,-9.348503,0.00213,-0.00426,0.00213,97840.77,32.7,0.475697,,
41.730474,0.066751,-0.248976,0.045486,-9.329418,-9.33285,0.001065,-0.00426,0.00426,97844.91,32.7,0.49135,,
41.797483,0.067009,-0.32319,0.033516,-9.305478,-9.311149,0.00213,-0.00639,0.00213,97836.63,32.7,0.513051,,
41.864215,0.066732,-0.289674,0.01197,-9.322236,-9.326743,0.003195,-0.005325,0.00426,97828.34,32.71,0.497457,,
41.931289,0.067074,-0.296856,-0.016758,-9.343782,-9.348511,0.00213,-0.005325,0.001065,97840.77,32.71,0.475689,,
41.99837,0.067081,-0.304038,0.01197,-9.382086,-9.387019,0.003195,-0.00426,0.00213,97836.63,32.7,0.437181,,
42.06543,0.067059,-0.29925,0.033516,-9.427572,-9.43238,0.001065,-0.003195,0.003195,97844.91,32.7,0.39182,,
42.132868,0.067438,-0.316008,0.040698,-9.485028,-9.490378,0.001065,-0.007455,0.001065,97844.91,32.7,0.333822,,
42.199894,0.067026,-0.325584,0.016758,-9.506574,-9.512162,0.001065,-0.001065,0.00426,97836.63,32.7,0.312038,,
42.266769,0.066875,-0.29925,0.009576,-9.576,-9.580679,0,0,0.001065,97836.63,32.7,0.243521,,
42.334153,0.067385,-0.277704,-0.007182,-9.547272,-9.551313,0.00213,-0.007455,0.003195,97832.48,32.71,0.272887,,
42.400975,0.066822,-0.280098,-0.01197,-9.573606,-9.57771,0,-0.00426,0.001065,97832.48,32.7,0.24649,,
42.468188,0.067214,-0.332766,0.002394,-9.64782,-9.653557,0.003195,-0.003195,0.00213,97844.91,32.7,0.170643,,
42.535199,0.06701,-0.313614,0.026334,-9.705276,-9.710377,-0.001065,-0.00426,0.00213,97832.48,32.7,0.113823,,
42.60236,0.067161,-0.31122,-0.021546,-9.705276,-9.710289,0.001065,-0.005325,0.00213,97832.48,32.7,0.113911,,
42.669655,0.067294,-0.368676,0.026334,-9.745974,-9.75298,0.00213,-0.005325,0.003195,97836.63,32.7,0.07122,,
42.737525,0.067871,-0.198702,0.002394,-9.810612,-9.812624,0,-0.00639,0.003195,97832.48,32.69,0.011576,,
42.804613,0.067088,-0.29925,0.004788,-9.789066,-9.79364,0.00213,-0.007455,0.001065,97832.48,32.7,0.03056,,
42.872118,0.067505,-0.387828,-0.002394,-9.801036,-9.808706,0.003195,-0.00213,-0.001065,97836.63,32.7,0.015494,,
42.939261,0.067143,-0.31122,0.07182,-9.860886,-9.866057,0.003195,-0.005325,0.00639,97832.48,32.71,-0.041857,,
43.00586,0.066599,-0.272916,0.050274,-9.741186,-9.745138,0.00213,-0.00639,0.003195,97836.63,32.7,0.079062,,
43.073188,0.067328,-0.256158,0.002394,-9.77949,-9.782845,0.00213,-0.005325,0.003195,97828.34,32.7,0.041355,,
43.140073,0.066885,-0.390222,-0.069426,-9.820188,-9.828183,-0.001065,-0.009585,0.00426,97832.48,32.69,-0.003983,,
43.207305,0.067232,-0.363888,-0.021546,-9.870462,-9.877191,0.001065,-0.007455,0.00426,97840.77,32.71,-0.052991,,
43.274611,0.067306,-0.258552,0.093366,-9.865674,-9.869503,0.00426,-0.00426,0.00213,97832.48,32.7,-0.045303,,
43.341503,0.066892,-0.26334,0.050274,-9.805824,-9.809488,0.001065,-0.00639,0.00426,97836.63,32.7,0.014712,,
43.408624,0.067121,-0.409374,-0.007182,-9.820188,-9.82872,0.00213,-0.005325,0.003195,97832.48,32.69,-0.00452,,
43.475914,0.06729,-0.32319,0,-9.860886,-9.866181,0.00213,-0.001065,0.001065,97836.63,32.7,-0.041981,,
43.543278,0.067364,-0.301644,0.040698,-9.832158,-9.836868,-0.00213,-0.00639,0,97836.63,32.7,-0.012668,,
43.610489,0.067211,-0.294462,0.040698,-9.789066,-9.793578,0.003195,-0.007455,0.00213,97836.63,32.69,0.030622,,
43.677262,0.066773,-0.339948,0.03591,-9.844128,-9.850061,0.001065,-0.00426,0.00213,97832.48,32.7,-0.025861,,
43.744311,0.067049,-0.34713,-0.016758,-9.824976,-9.831121,0,-0.003195,0.00213,97836.63,32.69,-0.006921,,
43.811542,0.067231,-0.284886,-0.002394,-9.817794,-9.821927,0.003195,-0.00426,0.00213,97840.77,32.69,0.002273,,
43.87845,0.066909,-0.318402,0.004788,-9.805824,-9.810993,0.00213,-0.00426,0.00213,97832.48,32.71,0.013207,,
43.945511,0.067061,-0.354312,-0.009576,-9.834552,-9.840937,0.001065,-0.005325,0.00426,97840.77,32.7,-0.016737,,
44.01278,0.067269,-0.32319,0.016758,-9.848916,-9.854232,0.001065,-0.005325,0.00426,97836.63,32.7,-0.030032,,
44.079438,0.066658,-0.246582,0.055062,-9.853704,-9.856943,-0.001065,-0.003195,0.001065,97828.34,32.71,-0.032743,,
44.14778,0.068341,-0.320796,0.033516,-9.796248,-9.801556,0,-0.005325,0.003195,97840.77,32.7,0.022644,,
44.218703,0.070923,-0.373464,0.007182,-9.83934,-9.846428,-0.00213,-0.003195,0.00213,97836.63,32.69,-0.022228,,
44.292491,0.073789,-0.304038,0.009576,-9.832158,-9.836862,0.001065,-0.003195,0.00213,97840.77,32.7,-0.012662,,
44.359747,0.067256,-0.289674,0.057456,-9.83934,-9.843771,0.001065,-0.005325,0,97832.48,32.69,-0.019571,,
44.427047,0.0673,-0.325584,0.021546,-9.793854,-9.799288,0.001065,-0.005325,0.001065,97844.91,32.7,0.024912,,
44.494513,0.067466,-0.378252,0.021546,-9.848916,-9.8562,0.00213,-0.00426,0.005325,97828.34,32.7,-0.032,,
44.561431,0.066918,-0.313614,-0.014364,-9.870462,-9.875453,0.001065,-0.001065,0.00426,97828.34,32.7,-0.051253,,
44.628139,0.066708,-0.316008,-0.007182,-9.841734,-9.846809,0.001065,-0.00426,0,97836.63,32.7,-0.022609,,
44.695518,0.067379,-0.320796,0.019152,-9.80343,-9.808696,0.001065,-0.005325,0.00213,97840.77,32.7,0.015504,,
44.762396,0.066878,-0.284886,0.057456,-9.77949,-9.783807,0.00213,-0.00639,0.003195,97853.19,32.7,0.040393,,
44.829419,0.067023,-0.306432,0.064638,-9.908766,-9.913714,0.00213,-0.00426,0,97832.48,32.69,-0.089514,,
44.897065,0.067646,-0.313614,0.021546,-9.829764,-9.834789,0.00213,-0.00852,0.00426,97844.91,32.7,-0.010589,,
44.963818,0.066753,-0.34713,-0.040698,-9.74358,-9.749847,0,-0.00213,0.00213,97836.63,32.7,0.074353,,
45.031024,0.067206,-0.294462,0.004788,-9.80343,-9.807852,0,-0.00639,0.00213,97840.77,32.7,0.016348,,
45.098426,0.067402,-0.268128,0.050274,-9.896796,-9.900555,0,-0.00426,0.001065,97840.77,32.7,-0.076355,,
45.165483,0.067056,-0.356706,0.05985,-9.832158,-9.838808,0.00426,-0.00639,0.00213,97836.63,32.7,-0.014608,,
45.232071,0.066588,-0.268128,-0.014364,-9.793854,-9.797534,0.001065,-0.00639,0.003195,97828.34,32.7,0.026666,,
45.299104,0.067033,-0.38304,-0.04788,-9.824976,-9.832556,0,-0.003195,0.003195,97840.77,32.69,-0.008356,,
45.36669,0.067586,-0.325584,-0.009576,-9.86328,-9.868657,-0.001065,-0.00639,0.003195,97836.63,32.7,-0.044457,,
45.437715,0.071025,-0.301644,0.040698,-9.772308,-9.777047,0.00213,-0.007455,0.001065,97840.77,32.69,0.047153,,
45.507749,0.070033,-0.189126,0.01197,-9.870462,-9.872281,0.00213,-0.003195,0.005325,97840.77,32.69,-0.048081,,
45.579071,0.071323,-0.337554,-0.028728,-9.860886,-9.866704,0.00213,-0.005325,0.001065,97836.63,32.69,-0.042504,,
45.645541,0.06647,-0.282492,-0.090972,-9.750762,-9.755277,-0.001065,-0.009585,0.003195,97828.34,32.7,0.068923,,
45.713284,0.067744,-0.366282,0.052668,-9.930312,-9.937204,0.001065,-0.003195,-0.001065,97832.48,32.7,-0.113004,,
45.785465,0.072181,-0.282492,0.098154,-9.906372,-9.910885,0.00213,-0.005325,0.00213,97836.63,32.69,-0.086685,,
45.861363,0.075898,-0.351918,0.064638,-9.71964,-9.726224,-0.001065,-0.007455,0.005325,97832.48,32.7,0.097976,,
45.930652,0.069289,-0.306432,-0.014364,-9.71964,-9.72448,0,-0.003195,0.003195,97836.63,32.7,0.09972,,
46.002186,0.071534,-0.37107,0.002394,-9.896796,-9.90375,0.001065,-0.00426,-0.001065,97844.91,32.69,-0.07955,,
46.069439,0.067253,-0.397404,-0.009576,-9.901584,-9.90956,0.003195,-0.005325,0.00213,97844.91,32.69,-0.08536,,
46.136882,0.067443,-0.213066,0.055062,-9.87525,-9.877702,-0.001065,-0.00426,0.003195,97836.63,32.69,-0.053502,,
46.204019,0.067136,-0.217854,0.079002,-9.753156,-9.755909,0.005325,-0.00426,0.00213,97832.48,32.69,0.068291,,
46.271973,0.067954,-0.306432,-0.002394,-9.820188,-9.824968,0,-0.005325,0.00213,97844.91,32.7,-0.000768,,
46.338923,0.06695,-0.342342,-0.074214,-9.880038,-9.886246,0.001065,-0.003195,0.00213,97836.63,32.69,-0.062046,,
46.405483,0.06656,-0.435708,-0.021546,-9.74358,-9.753341,0.003195,-0.007455,0.00639,97832.48,32.7,0.070859,,
46.472819,0.067337,-0.308826,0.110124,-9.777096,-9.782592,0.00213,-0.00639,0.00426,97853.19,32.7,0.041608,,
46.539521,0.066701,-0.222642,0.045486,-9.901584,-9.904191,0,-0.00426,0.001065,97836.63,32.69,-0.079991,,
46.606673,0.067153,-0.378252,-0.043092,-9.868068,-9.875409,0.001065,-0.00852,0,97836.63,32.7,-0.051209,,
